Model,Treatment,Tumor_id,Timepoint,Response
C3H-SCID,XL184+Actemra,#3771579049,-29,0.0
C3H-SCID,XL184+Actemra,#3771579049,-27,0.0
C3H-SCID,XL184+Actemra,#3771579049,-25,0.0
C3H-SCID,XL184+Actemra,#3771579049,-22,0.0
C3H-SCID,XL184+Actemra,#3771579049,-20,0.0
C3H-SCID,XL184+Actemra,#3771579049,-18,10.5
C3H-SCID,XL184+Actemra,#3771579049,-15,15.75
C3H-SCID,XL184+Actemra,#3771579049,-8,18.375
C3H-SCID,XL184+Actemra,#3771579049,-6,36.0
C3H-SCID,XL184+Actemra,#3771579049,-4,36.0
C3H-SCID,XL184+Actemra,#3771579049,-1,36.0
C3H-SCID,XL184+Actemra,#3771579049,1,40.0
C3H-SCID,XL184+Actemra,#3771579049,3,40.0
C3H-SCID,XL184+Actemra,#3771579049,6,56.25
C3H-SCID,XL184+Actemra,#3771579049,8,56.25
C3H-SCID,XL184+Actemra,#3771579049,10,68.75
C3H-SCID,XL184+Actemra,#3771579049,13,68.75
C3H-SCID,XL184+Actemra,#3771579049,15,68.75
C3H-SCID,XL184+Actemra,#3771579049,17,90.75
C3H-SCID,XL184+Actemra,#3771579049,20,90.75
C3H-SCID,XL184+Actemra,#3771579049,22,90.75
C3H-SCID,XL184+Actemra,#3771579049,24,90.75
C3H-SCID,XL184+Actemra,#3771579049,27,99.0
C3H-SCID,XL184+Actemra,#3771579049,29,99.0
C3H-SCID,XL184+Actemra,#3771579049,31,99.0
C3H-SCID,XL184+Actemra,#3771579049,34,99.0
C3H-SCID,XL184+Actemra,#3771579049,36,NA
C3H-SCID,XL184+Actemra,#3771579049,38,NA
C3H-SCID,XL184+Actemra,#3771579049,41,NA
C3H-SCID,Actemra,#1369667640,-29,0.0
C3H-SCID,Actemra,#1369667640,-27,0.0
C3H-SCID,Actemra,#1369667640,-25,0.0
C3H-SCID,Actemra,#1369667640,-22,0.0
C3H-SCID,Actemra,#1369667640,-20,0.0
C3H-SCID,Actemra,#1369667640,-18,0.0
C3H-SCID,Actemra,#1369667640,-15,0.0
C3H-SCID,Actemra,#1369667640,-8,0.0
C3H-SCID,Actemra,#1369667640,-6,18.375
C3H-SCID,Actemra,#1369667640,-4,32.0
C3H-SCID,Actemra,#1369667640,-1,40.5
C3H-SCID,Actemra,#1369667640,1,45.0
C3H-SCID,Actemra,#1369667640,3,56.25
C3H-SCID,Actemra,#1369667640,6,56.25
C3H-SCID,Actemra,#1369667640,8,62.5
C3H-SCID,Actemra,#1369667640,10,90.75
C3H-SCID,Actemra,#1369667640,13,108.0
C3H-SCID,Actemra,#1369667640,15,90.0
C3H-SCID,Actemra,#1369667640,17,108.0
C3H-SCID,Actemra,#1369667640,20,108.0
C3H-SCID,Actemra,#1369667640,22,136.5
C3H-SCID,Actemra,#1369667640,24,136.5
C3H-SCID,Actemra,#1369667640,27,157.5
C3H-SCID,Actemra,#1369667640,29,157.5
C3H-SCID,Actemra,#1369667640,31,182.0
C3H-SCID,Actemra,#1369667640,34,182.0
C3H-SCID,Actemra,#1369667640,36,304.0
C3H-SCID,Actemra,#1369667640,38,420.0
C3H-SCID,Actemra,#1369667640,41,420.0
C3H-SCID,Actemra,#556150360,-29,0.0
C3H-SCID,Actemra,#556150360,-27,0.0
C3H-SCID,Actemra,#556150360,-25,0.0
C3H-SCID,Actemra,#556150360,-22,0.0
C3H-SCID,Actemra,#556150360,-20,0.0
C3H-SCID,Actemra,#556150360,-18,0.0
C3H-SCID,Actemra,#556150360,-15,9.0
C3H-SCID,Actemra,#556150360,-8,9.0
C3H-SCID,Actemra,#556150360,-6,21.0
C3H-SCID,Actemra,#556150360,-4,36.0
C3H-SCID,Actemra,#556150360,-1,36.0
C3H-SCID,Actemra,#556150360,1,36.0
C3H-SCID,Actemra,#556150360,3,40.5
C3H-SCID,Actemra,#556150360,6,45.0
C3H-SCID,Actemra,#556150360,8,56.25
C3H-SCID,Actemra,#556150360,10,74.25
C3H-SCID,Actemra,#556150360,13,74.25
C3H-SCID,Actemra,#556150360,15,82.5
C3H-SCID,Actemra,#556150360,17,82.5
C3H-SCID,Actemra,#556150360,20,82.5
C3H-SCID,Actemra,#556150360,22,90.0
C3H-SCID,Actemra,#556150360,24,90.0
C3H-SCID,Actemra,#556150360,27,107.25
C3H-SCID,Actemra,#556150360,29,136.5
C3H-SCID,Actemra,#556150360,31,136.5
C3H-SCID,Actemra,#556150360,34,136.5
C3H-SCID,Actemra,#556150360,36,149.52
C3H-SCID,Actemra,#556150360,38,159.25
C3H-SCID,Actemra,#556150360,41,224.0
C3H-SCID,XL184+Actemra,#16,-29,0.0
C3H-SCID,XL184+Actemra,#16,-27,0.0
C3H-SCID,XL184+Actemra,#16,-25,0.0
C3H-SCID,XL184+Actemra,#16,-22,0.0
C3H-SCID,XL184+Actemra,#16,-20,9.0
C3H-SCID,XL184+Actemra,#16,-18,9.0
C3H-SCID,XL184+Actemra,#16,-15,9.0
C3H-SCID,XL184+Actemra,#16,-8,18.375
C3H-SCID,XL184+Actemra,#16,-6,24.0
C3H-SCID,XL184+Actemra,#16,-4,24.0
C3H-SCID,XL184+Actemra,#16,-1,45.0
C3H-SCID,XL184+Actemra,#16,1,45.0
C3H-SCID,XL184+Actemra,#16,3,45.0
C3H-SCID,XL184+Actemra,#16,6,55.0
C3H-SCID,XL184+Actemra,#16,8,60.0
C3H-SCID,XL184+Actemra,#16,10,89.375
C3H-SCID,XL184+Actemra,#16,13,96.25
C3H-SCID,XL184+Actemra,#16,15,96.25
C3H-SCID,XL184+Actemra,#16,17,96.25
C3H-SCID,XL184+Actemra,#16,20,120.0
C3H-SCID,XL184+Actemra,#16,22,120.0
C3H-SCID,XL184+Actemra,#16,24,120.0
C3H-SCID,XL184+Actemra,#16,27,140.25
C3H-SCID,XL184+Actemra,#16,29,153.0
C3H-SCID,XL184+Actemra,#16,31,153.0
C3H-SCID,XL184+Actemra,#16,34,234.0
C3H-SCID,XL184+Actemra,#16,36,182.0
C3H-SCID,XL184+Actemra,#16,38,126.0
C3H-SCID,XL184+Actemra,#16,41,135.0
C3H-SCID,Actemra,#3853652200,-29,0.0
C3H-SCID,Actemra,#3853652200,-27,0.0
C3H-SCID,Actemra,#3853652200,-25,0.0
C3H-SCID,Actemra,#3853652200,-22,0.0
C3H-SCID,Actemra,#3853652200,-20,0.0
C3H-SCID,Actemra,#3853652200,-18,9.0
C3H-SCID,Actemra,#3853652200,-15,9.0
C3H-SCID,Actemra,#3853652200,-8,9.0
C3H-SCID,Actemra,#3853652200,-6,18.375
C3H-SCID,Actemra,#3853652200,-4,24.0
C3H-SCID,Actemra,#3853652200,-1,24.0
C3H-SCID,Actemra,#3853652200,1,16.0
C3H-SCID,Actemra,#3853652200,3,24.0
C3H-SCID,Actemra,#3853652200,6,32.0
C3H-SCID,Actemra,#3853652200,8,40.5
C3H-SCID,Actemra,#3853652200,10,36.0
C3H-SCID,Actemra,#3853652200,13,56.25
C3H-SCID,Actemra,#3853652200,15,56.25
C3H-SCID,Actemra,#3853652200,17,68.75
C3H-SCID,Actemra,#3853652200,20,68.75
C3H-SCID,Actemra,#3853652200,22,75.0
C3H-SCID,Actemra,#3853652200,24,75.0
C3H-SCID,Actemra,#3853652200,27,107.25
C3H-SCID,Actemra,#3853652200,29,107.25
C3H-SCID,Actemra,#3853652200,31,107.25
C3H-SCID,Actemra,#3853652200,34,107.25
C3H-SCID,Actemra,#3853652200,36,170.625
C3H-SCID,Actemra,#3853652200,38,208.0
C3H-SCID,Actemra,#3853652200,41,208.0
C3H-SCID,XL184+Actemra,#996743870,-29,0.0
C3H-SCID,XL184+Actemra,#996743870,-27,0.0
C3H-SCID,XL184+Actemra,#996743870,-25,0.0
C3H-SCID,XL184+Actemra,#996743870,-22,0.0
C3H-SCID,XL184+Actemra,#996743870,-20,0.0
C3H-SCID,XL184+Actemra,#996743870,-18,0.0
C3H-SCID,XL184+Actemra,#996743870,-15,21.0
C3H-SCID,XL184+Actemra,#996743870,-8,32.0
C3H-SCID,XL184+Actemra,#996743870,-6,50.625
C3H-SCID,XL184+Actemra,#996743870,-4,50.625
C3H-SCID,XL184+Actemra,#996743870,-1,56.25
C3H-SCID,XL184+Actemra,#996743870,1,56.25
C3H-SCID,XL184+Actemra,#996743870,3,56.25
C3H-SCID,XL184+Actemra,#996743870,6,90.75
C3H-SCID,XL184+Actemra,#996743870,8,99.0
C3H-SCID,XL184+Actemra,#996743870,10,125.125
C3H-SCID,XL184+Actemra,#996743870,13,147.0
C3H-SCID,XL184+Actemra,#996743870,15,157.5
C3H-SCID,XL184+Actemra,#996743870,17,170.625
C3H-SCID,XL184+Actemra,#996743870,20,182.0
C3H-SCID,XL184+Actemra,#996743870,22,208.0
C3H-SCID,XL184+Actemra,#996743870,24,168.0
C3H-SCID,XL184+Actemra,#996743870,27,216.125
C3H-SCID,XL184+Actemra,#996743870,29,178.5
C3H-SCID,XL184+Actemra,#996743870,31,189.0
C3H-SCID,XL184+Actemra,#996743870,34,199.5
C3H-SCID,XL184+Actemra,#996743870,36,140.25
C3H-SCID,XL184+Actemra,#996743870,38,84.375
C3H-SCID,XL184+Actemra,#996743870,41,93.75
C3H-SCID,XL184+Actemra,#4778753738,-29,0.0
C3H-SCID,XL184+Actemra,#4778753738,-27,0.0
C3H-SCID,XL184+Actemra,#4778753738,-25,0.0
C3H-SCID,XL184+Actemra,#4778753738,-22,0.0
C3H-SCID,XL184+Actemra,#4778753738,-20,9.0
C3H-SCID,XL184+Actemra,#4778753738,-18,9.0
C3H-SCID,XL184+Actemra,#4778753738,-15,9.0
C3H-SCID,XL184+Actemra,#4778753738,-8,10.5
C3H-SCID,XL184+Actemra,#4778753738,-6,21.0
C3H-SCID,XL184+Actemra,#4778753738,-4,21.0
C3H-SCID,XL184+Actemra,#4778753738,-1,27.0
C3H-SCID,XL184+Actemra,#4778753738,1,36.0
C3H-SCID,XL184+Actemra,#4778753738,3,40.5
C3H-SCID,XL184+Actemra,#4778753738,6,56.25
C3H-SCID,XL184+Actemra,#4778753738,8,56.25
C3H-SCID,XL184+Actemra,#4778753738,10,75.625
C3H-SCID,XL184+Actemra,#4778753738,13,75.625
C3H-SCID,XL184+Actemra,#4778753738,15,75.0
C3H-SCID,XL184+Actemra,#4778753738,17,82.5
C3H-SCID,XL184+Actemra,#4778753738,20,90.0
C3H-SCID,XL184+Actemra,#4778753738,22,90.0
C3H-SCID,XL184+Actemra,#4778753738,24,90.0
C3H-SCID,XL184+Actemra,#4778753738,27,108.0
C3H-SCID,XL184+Actemra,#4778753738,29,90.75
C3H-SCID,XL184+Actemra,#4778753738,31,90.75
C3H-SCID,XL184+Actemra,#4778753738,34,107.25
C3H-SCID,XL184+Actemra,#4778753738,36,99.0
C3H-SCID,XL184+Actemra,#4778753738,38,68.75
C3H-SCID,XL184+Actemra,#4778753738,41,90.75
C3H-SCID,Actemra,#2289293905,-29,0.0
C3H-SCID,Actemra,#2289293905,-27,0.0
C3H-SCID,Actemra,#2289293905,-25,0.0
C3H-SCID,Actemra,#2289293905,-22,0.0
C3H-SCID,Actemra,#2289293905,-20,0.0
C3H-SCID,Actemra,#2289293905,-18,0.0
C3H-SCID,Actemra,#2289293905,-15,0.0
C3H-SCID,Actemra,#2289293905,-8,0.0
C3H-SCID,Actemra,#2289293905,-6,0.0
C3H-SCID,Actemra,#2289293905,-4,9.0
C3H-SCID,Actemra,#2289293905,-1,9.0
C3H-SCID,Actemra,#2289293905,1,10.5
C3H-SCID,Actemra,#2289293905,3,24.0
C3H-SCID,Actemra,#2289293905,6,50.0
C3H-SCID,Actemra,#2289293905,8,55.0
C3H-SCID,Actemra,#2289293905,10,82.5
C3H-SCID,Actemra,#2289293905,13,117.0
C3H-SCID,Actemra,#2289293905,15,117.0
C3H-SCID,Actemra,#2289293905,17,117.0
C3H-SCID,Actemra,#2289293905,20,117.0
C3H-SCID,Actemra,#2289293905,22,159.25
C3H-SCID,Actemra,#2289293905,24,136.5
C3H-SCID,Actemra,#2289293905,27,159.25
C3H-SCID,Actemra,#2289293905,29,253.125
C3H-SCID,Actemra,#2289293905,31,300.0
C3H-SCID,Actemra,#2289293905,34,360.0
C3H-SCID,Actemra,#2289293905,36,425.0
C3H-SCID,Actemra,#2289293905,38,446.25
C3H-SCID,Actemra,#2289293905,41,702.0
C3H-SCID,XL184,#1280059432,-29,0.0
C3H-SCID,XL184,#1280059432,-27,0.0
C3H-SCID,XL184,#1280059432,-25,0.0
C3H-SCID,XL184,#1280059432,-22,0.0
C3H-SCID,XL184,#1280059432,-20,9.0
C3H-SCID,XL184,#1280059432,-18,9.0
C3H-SCID,XL184,#1280059432,-15,18.375
C3H-SCID,XL184,#1280059432,-8,36.0
C3H-SCID,XL184,#1280059432,-6,36.0
C3H-SCID,XL184,#1280059432,-4,40.5
C3H-SCID,XL184,#1280059432,-1,68.75
C3H-SCID,XL184,#1280059432,1,68.75
C3H-SCID,XL184,#1280059432,3,68.75
C3H-SCID,XL184,#1280059432,6,82.5
C3H-SCID,XL184,#1280059432,8,107.25
C3H-SCID,XL184,#1280059432,10,107.25
C3H-SCID,XL184,#1280059432,13,126.0
C3H-SCID,XL184,#1280059432,15,126.0
C3H-SCID,XL184,#1280059432,17,126.0
C3H-SCID,XL184,#1280059432,20,126.0
C3H-SCID,XL184,#1280059432,22,210.0
C3H-SCID,XL184,#1280059432,24,136.5
C3H-SCID,XL184,#1280059432,27,157.5
C3H-SCID,XL184,#1280059432,29,123.75
C3H-SCID,XL184,#1280059432,31,132.0
C3H-SCID,XL184,#1280059432,34,156.0
C3H-SCID,XL184,#1280059432,36,120.0
C3H-SCID,XL184,#1280059432,38,103.125
C3H-SCID,XL184,#1280059432,41,135.0
HGF-SCID,Actemra,#9,-27,0.0
HGF-SCID,Actemra,#9,-25,0.0
HGF-SCID,Actemra,#9,-23,0.0
HGF-SCID,Actemra,#9,-20,0.0
HGF-SCID,Actemra,#9,-18,0.0
HGF-SCID,Actemra,#9,-16,0.0
HGF-SCID,Actemra,#9,-13,0.0
HGF-SCID,Actemra,#9,-6,9.0
HGF-SCID,Actemra,#9,-4,15.75
HGF-SCID,Actemra,#9,-2,21.0
HGF-SCID,Actemra,#9,1,36.0
HGF-SCID,Actemra,#9,3,45.0
HGF-SCID,Actemra,#9,5,45.0
HGF-SCID,Actemra,#9,8,62.5
HGF-SCID,Actemra,#9,10,62.5
HGF-SCID,Actemra,#9,12,82.5
HGF-SCID,Actemra,#9,15,99.0
HGF-SCID,Actemra,#9,17,99.0
HGF-SCID,Actemra,#9,19,99.0
HGF-SCID,Actemra,#9,22,125.125
HGF-SCID,Actemra,#9,24,125.125
HGF-SCID,Actemra,#9,26,125.125
HGF-SCID,Actemra,#9,29,125.125
HGF-SCID,Actemra,#9,31,147.0
HGF-SCID,Actemra,#9,33,147.0
HGF-SCID,Actemra,#9,36,195.0
HGF-SCID,Actemra,#9,38,210.0
HGF-SCID,Actemra,#9,40,236.25
HGF-SCID,Actemra,#9,43,300.0
HGF-SCID,XL184+Actemra,#8,-27,0.0
HGF-SCID,XL184+Actemra,#8,-25,0.0
HGF-SCID,XL184+Actemra,#8,-23,0.0
HGF-SCID,XL184+Actemra,#8,-20,0.0
HGF-SCID,XL184+Actemra,#8,-18,0.0
HGF-SCID,XL184+Actemra,#8,-16,0.0
HGF-SCID,XL184+Actemra,#8,-13,9.0
HGF-SCID,XL184+Actemra,#8,-6,33.0
HGF-SCID,XL184+Actemra,#8,-4,49.5
HGF-SCID,XL184+Actemra,#8,-2,49.5
HGF-SCID,XL184+Actemra,#8,1,49.5
HGF-SCID,XL184+Actemra,#8,3,68.75
HGF-SCID,XL184+Actemra,#8,5,82.5
HGF-SCID,XL184+Actemra,#8,8,93.75
HGF-SCID,XL184+Actemra,#8,10,103.125
HGF-SCID,XL184+Actemra,#8,12,120.0
HGF-SCID,XL184+Actemra,#8,15,162.0
HGF-SCID,XL184+Actemra,#8,17,148.5
HGF-SCID,XL184+Actemra,#8,19,110.0
HGF-SCID,XL184+Actemra,#8,22,110.0
HGF-SCID,XL184+Actemra,#8,24,77.0
HGF-SCID,XL184+Actemra,#8,26,71.5
HGF-SCID,XL184+Actemra,#8,29,110.0
HGF-SCID,XL184+Actemra,#8,31,110.0
HGF-SCID,XL184+Actemra,#8,33,103.125
HGF-SCID,XL184+Actemra,#8,36,144.0
HGF-SCID,XL184+Actemra,#8,38,112.5
HGF-SCID,XL184+Actemra,#8,40,96.25
HGF-SCID,XL184+Actemra,#8,43,123.75
C3H-SCID,XL184,#4141734504,-29,0.0
C3H-SCID,XL184,#4141734504,-27,0.0
C3H-SCID,XL184,#4141734504,-25,0.0
C3H-SCID,XL184,#4141734504,-22,0.0
C3H-SCID,XL184,#4141734504,-20,0.0
C3H-SCID,XL184,#4141734504,-18,9.0
C3H-SCID,XL184,#4141734504,-15,12.25
C3H-SCID,XL184,#4141734504,-8,12.25
C3H-SCID,XL184,#4141734504,-6,18.375
C3H-SCID,XL184,#4141734504,-4,24.0
C3H-SCID,XL184,#4141734504,-1,40.0
C3H-SCID,XL184,#4141734504,1,40.0
C3H-SCID,XL184,#4141734504,3,40.0
C3H-SCID,XL184,#4141734504,6,45.0
C3H-SCID,XL184,#4141734504,8,50.0
C3H-SCID,XL184,#4141734504,10,68.75
C3H-SCID,XL184,#4141734504,13,97.5
C3H-SCID,XL184,#4141734504,15,97.5
C3H-SCID,XL184,#4141734504,17,153.0
C3H-SCID,XL184,#4141734504,20,153.0
C3H-SCID,XL184,#4141734504,22,153.0
C3H-SCID,XL184,#4141734504,24,135.0
C3H-SCID,XL184,#4141734504,27,208.25
C3H-SCID,XL184,#4141734504,29,182.0
C3H-SCID,XL184,#4141734504,31,182.0
C3H-SCID,XL184,#4141734504,34,208.0
C3H-SCID,XL184,#4141734504,36,208.0
C3H-SCID,XL184,#4141734504,38,159.25
C3H-SCID,XL184,#4141734504,41,195.0
HGF-SCID,Actemra,#3,-27,0.0
HGF-SCID,Actemra,#3,-25,0.0
HGF-SCID,Actemra,#3,-23,0.0
HGF-SCID,Actemra,#3,-20,0.0
HGF-SCID,Actemra,#3,-18,0.0
HGF-SCID,Actemra,#3,-16,9.0
HGF-SCID,Actemra,#3,-13,9.0
HGF-SCID,Actemra,#3,-6,9.0
HGF-SCID,Actemra,#3,-4,9.0
HGF-SCID,Actemra,#3,-2,24.0
HGF-SCID,Actemra,#3,1,36.0
HGF-SCID,Actemra,#3,3,62.5
HGF-SCID,Actemra,#3,5,75.625
HGF-SCID,Actemra,#3,8,117.0
HGF-SCID,Actemra,#3,10,126.75
HGF-SCID,Actemra,#3,12,147.0
HGF-SCID,Actemra,#3,15,168.0
HGF-SCID,Actemra,#3,17,196.0
HGF-SCID,Actemra,#3,19,208.25
HGF-SCID,Actemra,#3,22,252.0
HGF-SCID,Actemra,#3,24,252.0
HGF-SCID,Actemra,#3,26,324.9
HGF-SCID,Actemra,#3,29,412.5
HGF-SCID,Actemra,#3,31,431.25
HGF-SCID,Actemra,#3,33,460.0
HGF-SCID,Actemra,#3,36,506.0
HGF-SCID,Actemra,#3,38,540.0
HGF-SCID,Actemra,#3,40,760.5
HGF-SCID,Actemra,#3,43,910.0
HGF-SCID,XL184,#2,-27,0.0
HGF-SCID,XL184,#2,-25,0.0
HGF-SCID,XL184,#2,-23,0.0
HGF-SCID,XL184,#2,-20,9.0
HGF-SCID,XL184,#2,-18,9.0
HGF-SCID,XL184,#2,-16,9.0
HGF-SCID,XL184,#2,-13,10.5
HGF-SCID,XL184,#2,-6,24.0
HGF-SCID,XL184,#2,-4,40.5
HGF-SCID,XL184,#2,-2,56.25
HGF-SCID,XL184,#2,1,56.25
HGF-SCID,XL184,#2,3,82.5
HGF-SCID,XL184,#2,5,82.5
HGF-SCID,XL184,#2,8,99.0
HGF-SCID,XL184,#2,10,117.0
HGF-SCID,XL184,#2,12,157.5
HGF-SCID,XL184,#2,15,168.0
HGF-SCID,XL184,#2,17,120.0
HGF-SCID,XL184,#2,19,96.25
HGF-SCID,XL184,#2,22,96.25
HGF-SCID,XL184,#2,24,65.0
HGF-SCID,XL184,#2,26,65.0
HGF-SCID,XL184,#2,29,71.5
HGF-SCID,XL184,#2,31,55.0
HGF-SCID,XL184,#2,33,55.0
HGF-SCID,XL184,#2,36,82.5
HGF-SCID,XL184,#2,38,75.0
HGF-SCID,XL184,#2,40,68.75
HGF-SCID,XL184,#2,43,99.0
HGF-SCID,XL184+Actemra,#1,-27,0.0
HGF-SCID,XL184+Actemra,#1,-25,0.0
HGF-SCID,XL184+Actemra,#1,-23,0.0
HGF-SCID,XL184+Actemra,#1,-20,9.0
HGF-SCID,XL184+Actemra,#1,-18,10.5
HGF-SCID,XL184+Actemra,#1,-16,10.5
HGF-SCID,XL184+Actemra,#1,-13,18.375
HGF-SCID,XL184+Actemra,#1,-6,27.0
HGF-SCID,XL184+Actemra,#1,-4,45.0
HGF-SCID,XL184+Actemra,#1,-2,45.0
HGF-SCID,XL184+Actemra,#1,1,61.875
HGF-SCID,XL184+Actemra,#1,3,82.5
HGF-SCID,XL184+Actemra,#1,5,99.0
HGF-SCID,XL184+Actemra,#1,8,115.5
HGF-SCID,XL184+Actemra,#1,10,126.0
HGF-SCID,XL184+Actemra,#1,12,136.5
HGF-SCID,XL184+Actemra,#1,15,159.25
HGF-SCID,XL184+Actemra,#1,17,117.0
HGF-SCID,XL184+Actemra,#1,19,117.0
HGF-SCID,XL184+Actemra,#1,22,117.0
HGF-SCID,XL184+Actemra,#1,24,81.25
HGF-SCID,XL184+Actemra,#1,26,60.0
HGF-SCID,XL184+Actemra,#1,29,126.0
HGF-SCID,XL184+Actemra,#1,31,107.25
HGF-SCID,XL184+Actemra,#1,33,82.5
HGF-SCID,XL184+Actemra,#1,36,117.0
HGF-SCID,XL184+Actemra,#1,38,107.25
HGF-SCID,XL184+Actemra,#1,40,90.75
HGF-SCID,XL184+Actemra,#1,43,105.875
HGF-SCID,XL184,#7,-27,0.0
HGF-SCID,XL184,#7,-25,0.0
HGF-SCID,XL184,#7,-23,0.0
HGF-SCID,XL184,#7,-20,10.5
HGF-SCID,XL184,#7,-18,18.0
HGF-SCID,XL184,#7,-16,18.0
HGF-SCID,XL184,#7,-13,27.0
HGF-SCID,XL184,#7,-6,55.0
HGF-SCID,XL184,#7,-4,55.0
HGF-SCID,XL184,#7,-2,60.5
HGF-SCID,XL184,#7,1,75.625
HGF-SCID,XL184,#7,3,99.0
HGF-SCID,XL184,#7,5,99.0
HGF-SCID,XL184,#7,8,108.0
HGF-SCID,XL184,#7,10,126.0
HGF-SCID,XL184,#7,12,126.0
HGF-SCID,XL184,#7,15,159.25
HGF-SCID,XL184,#7,17,159.25
HGF-SCID,XL184,#7,19,147.875
HGF-SCID,XL184,#7,22,147.875
HGF-SCID,XL184,#7,24,99.0
HGF-SCID,XL184,#7,26,99.0
HGF-SCID,XL184,#7,29,147.875
HGF-SCID,XL184,#7,31,117.0
HGF-SCID,XL184,#7,33,82.5
HGF-SCID,XL184,#7,36,97.5
HGF-SCID,XL184,#7,38,90.0
HGF-SCID,XL184,#7,40,75.625
HGF-SCID,XL184,#7,43,75.625
HGF-SCID,Actemra,#6,-27,0.0
HGF-SCID,Actemra,#6,-25,0.0
HGF-SCID,Actemra,#6,-23,0.0
HGF-SCID,Actemra,#6,-20,9.0
HGF-SCID,Actemra,#6,-18,9.0
HGF-SCID,Actemra,#6,-16,9.0
HGF-SCID,Actemra,#6,-13,9.0
HGF-SCID,Actemra,#6,-6,24.0
HGF-SCID,Actemra,#6,-4,27.0
HGF-SCID,Actemra,#6,-2,27.0
HGF-SCID,Actemra,#6,1,45.0
HGF-SCID,Actemra,#6,3,45.0
HGF-SCID,Actemra,#6,5,60.5
HGF-SCID,Actemra,#6,8,89.375
HGF-SCID,Actemra,#6,10,89.375
HGF-SCID,Actemra,#6,12,107.25
HGF-SCID,Actemra,#6,15,117.0
HGF-SCID,Actemra,#6,17,117.0
HGF-SCID,Actemra,#6,19,136.5
HGF-SCID,Actemra,#6,22,147.0
HGF-SCID,Actemra,#6,24,157.5
HGF-SCID,Actemra,#6,26,168.0
HGF-SCID,Actemra,#6,29,182.0
HGF-SCID,Actemra,#6,31,252.0
HGF-SCID,Actemra,#6,33,360.0
HGF-SCID,Actemra,#6,36,396.0
HGF-SCID,Actemra,#6,38,467.5
HGF-SCID,Actemra,#6,40,495.0
HGF-SCID,Actemra,#6,43,702.0
HGF-SCID,XL184,#5,-27,0.0
HGF-SCID,XL184,#5,-25,0.0
HGF-SCID,XL184,#5,-23,0.0
HGF-SCID,XL184,#5,-20,9.0
HGF-SCID,XL184,#5,-18,9.0
HGF-SCID,XL184,#5,-16,9.0
HGF-SCID,XL184,#5,-13,18.375
HGF-SCID,XL184,#5,-6,32.0
HGF-SCID,XL184,#5,-4,32.0
HGF-SCID,XL184,#5,-2,36.0
HGF-SCID,XL184,#5,1,50.0
HGF-SCID,XL184,#5,3,50.0
HGF-SCID,XL184,#5,5,55.0
HGF-SCID,XL184,#5,8,89.375
HGF-SCID,XL184,#5,10,96.25
HGF-SCID,XL184,#5,12,121.875
HGF-SCID,XL184,#5,15,156.0
HGF-SCID,XL184,#5,17,135.0
HGF-SCID,XL184,#5,19,89.375
HGF-SCID,XL184,#5,22,89.375
HGF-SCID,XL184,#5,24,71.5
HGF-SCID,XL184,#5,26,55.0
HGF-SCID,XL184,#5,29,82.5
HGF-SCID,XL184,#5,31,75.0
HGF-SCID,XL184,#5,33,68.75
HGF-SCID,XL184,#5,36,90.0
HGF-SCID,XL184,#5,38,75.0
HGF-SCID,XL184,#5,40,68.75
HGF-SCID,XL184,#5,43,82.5
C3H-SCID,Vehicle,#4,-29,0.0
C3H-SCID,Vehicle,#4,-27,0.0
C3H-SCID,Vehicle,#4,-25,0.0
C3H-SCID,Vehicle,#4,-22,0.0
C3H-SCID,Vehicle,#4,-20,0.0
C3H-SCID,Vehicle,#4,-18,0.0
C3H-SCID,Vehicle,#4,-15,0.0
C3H-SCID,Vehicle,#4,-8,0.0
C3H-SCID,Vehicle,#4,-6,0.0
C3H-SCID,Vehicle,#4,-4,0.0
C3H-SCID,Vehicle,#4,-1,9.0
C3H-SCID,Vehicle,#4,1,15.75
C3H-SCID,Vehicle,#4,3,15.75
C3H-SCID,Vehicle,#4,6,15.75
C3H-SCID,Vehicle,#4,8,15.75
C3H-SCID,Vehicle,#4,10,15.75
C3H-SCID,Vehicle,#4,13,36.0
C3H-SCID,Vehicle,#4,15,61.875
C3H-SCID,Vehicle,#4,17,75.0
C3H-SCID,Vehicle,#4,20,87.5
C3H-SCID,Vehicle,#4,22,123.75
C3H-SCID,Vehicle,#4,24,135.0
C3H-SCID,Vehicle,#4,27,175.5
C3H-SCID,Vehicle,#4,29,175.5
C3H-SCID,Vehicle,#4,31,220.5
C3H-SCID,Vehicle,#4,34,232.75
C3H-SCID,Vehicle,#4,36,280.0
C3H-SCID,Vehicle,#4,38,315.0
C3H-SCID,Vehicle,#4,41,440.0
HGF-SCID,XL184,#22,-27,0.0
HGF-SCID,XL184,#22,-25,0.0
HGF-SCID,XL184,#22,-23,0.0
HGF-SCID,XL184,#22,-20,9.0
HGF-SCID,XL184,#22,-18,10.5
HGF-SCID,XL184,#22,-16,10.5
HGF-SCID,XL184,#22,-13,18.375
HGF-SCID,XL184,#22,-6,18.375
HGF-SCID,XL184,#22,-4,36.0
HGF-SCID,XL184,#22,-2,45.0
HGF-SCID,XL184,#22,1,45.0
HGF-SCID,XL184,#22,3,45.0
HGF-SCID,XL184,#22,5,68.75
HGF-SCID,XL184,#22,8,68.75
HGF-SCID,XL184,#22,10,81.25
HGF-SCID,XL184,#22,12,89.375
HGF-SCID,XL184,#22,15,107.25
HGF-SCID,XL184,#22,17,107.25
HGF-SCID,XL184,#22,19,81.25
HGF-SCID,XL184,#22,22,81.25
HGF-SCID,XL184,#22,24,75.0
HGF-SCID,XL184,#22,26,75.0
HGF-SCID,XL184,#22,29,82.5
HGF-SCID,XL184,#22,31,75.0
HGF-SCID,XL184,#22,33,60.0
HGF-SCID,XL184,#22,36,82.5
HGF-SCID,XL184,#22,38,68.75
HGF-SCID,XL184,#22,40,68.75
HGF-SCID,XL184,#22,43,82.5
HGF-SCID,Vehicle,#45,-27,0.0
HGF-SCID,Vehicle,#45,-25,0.0
HGF-SCID,Vehicle,#45,-23,0.0
HGF-SCID,Vehicle,#45,-20,9.0
HGF-SCID,Vehicle,#45,-18,12.25
HGF-SCID,Vehicle,#45,-16,12.25
HGF-SCID,Vehicle,#45,-13,18.375
HGF-SCID,Vehicle,#45,-6,32.0
HGF-SCID,Vehicle,#45,-4,44.0
HGF-SCID,Vehicle,#45,-2,45.0
HGF-SCID,Vehicle,#45,1,75.0
HGF-SCID,Vehicle,#45,3,82.5
HGF-SCID,Vehicle,#45,5,107.25
HGF-SCID,Vehicle,#45,8,123.75
HGF-SCID,Vehicle,#45,10,135.0
HGF-SCID,Vehicle,#45,12,135.0
HGF-SCID,Vehicle,#45,15,157.5
HGF-SCID,Vehicle,#45,17,180.0
HGF-SCID,Vehicle,#45,19,283.5
HGF-SCID,Vehicle,#45,22,315.0
HGF-SCID,Vehicle,#45,24,350.0
HGF-SCID,Vehicle,#45,26,433.125
HGF-SCID,Vehicle,#45,29,472.5
HGF-SCID,Vehicle,#45,31,536.25
HGF-SCID,Vehicle,#45,33,635.375
HGF-SCID,Vehicle,#45,36,635.375
HGF-SCID,Vehicle,#45,38,684.25
HGF-SCID,Vehicle,#45,40,743.75
HGF-SCID,Vehicle,#45,43,890.625
HGF-SCID,Vehicle,#46,-27,0.0
HGF-SCID,Vehicle,#46,-25,0.0
HGF-SCID,Vehicle,#46,-23,0.0
HGF-SCID,Vehicle,#46,-20,0.0
HGF-SCID,Vehicle,#46,-18,0.0
HGF-SCID,Vehicle,#46,-16,0.0
HGF-SCID,Vehicle,#46,-13,0.0
HGF-SCID,Vehicle,#46,-6,12.25
HGF-SCID,Vehicle,#46,-4,44.0
HGF-SCID,Vehicle,#46,-2,54.0
HGF-SCID,Vehicle,#46,1,54.0
HGF-SCID,Vehicle,#46,3,54.0
HGF-SCID,Vehicle,#46,5,65.0
HGF-SCID,Vehicle,#46,8,70.0
HGF-SCID,Vehicle,#46,10,70.0
HGF-SCID,Vehicle,#46,12,120.0
HGF-SCID,Vehicle,#46,15,144.0
HGF-SCID,Vehicle,#46,17,165.75
HGF-SCID,Vehicle,#46,19,216.125
HGF-SCID,Vehicle,#46,22,280.0
HGF-SCID,Vehicle,#46,24,308.0
HGF-SCID,Vehicle,#46,26,396.0
HGF-SCID,Vehicle,#46,29,500.0
HGF-SCID,Vehicle,#46,31,520.0
HGF-SCID,Vehicle,#46,33,552.5
HGF-SCID,Vehicle,#46,36,595.0
HGF-SCID,Vehicle,#46,38,767.25
HGF-SCID,Vehicle,#46,40,1008.0
HGF-SCID,Vehicle,#46,43,1606.5
HGF-SCID,Vehicle,#21,-27,0.0
HGF-SCID,Vehicle,#21,-25,0.0
HGF-SCID,Vehicle,#21,-23,0.0
HGF-SCID,Vehicle,#21,-20,0.0
HGF-SCID,Vehicle,#21,-18,0.0
HGF-SCID,Vehicle,#21,-16,0.0
HGF-SCID,Vehicle,#21,-13,0.0
HGF-SCID,Vehicle,#21,-6,18.375
HGF-SCID,Vehicle,#21,-4,24.0
HGF-SCID,Vehicle,#21,-2,24.0
HGF-SCID,Vehicle,#21,1,49.5
HGF-SCID,Vehicle,#21,3,68.75
HGF-SCID,Vehicle,#21,5,75.625
HGF-SCID,Vehicle,#21,8,96.25
HGF-SCID,Vehicle,#21,10,103.125
HGF-SCID,Vehicle,#21,12,110.0
HGF-SCID,Vehicle,#21,15,185.25
HGF-SCID,Vehicle,#21,17,216.125
HGF-SCID,Vehicle,#21,19,227.5
HGF-SCID,Vehicle,#21,22,238.875
HGF-SCID,Vehicle,#21,24,281.75
HGF-SCID,Vehicle,#21,26,322.0
HGF-SCID,Vehicle,#21,29,437.5
HGF-SCID,Vehicle,#21,31,525.0
HGF-SCID,Vehicle,#21,33,525.0
HGF-SCID,Vehicle,#21,36,728.0
HGF-SCID,Vehicle,#21,38,833.0
HGF-SCID,Vehicle,#21,40,892.5
HGF-SCID,Vehicle,#21,43,976.5
HGF-SCID,Vehicle,#26,-27,0.0
HGF-SCID,Vehicle,#26,-25,0.0
HGF-SCID,Vehicle,#26,-23,0.0
HGF-SCID,Vehicle,#26,-20,0.0
HGF-SCID,Vehicle,#26,-18,0.0
HGF-SCID,Vehicle,#26,-16,0.0
HGF-SCID,Vehicle,#26,-13,9.0
HGF-SCID,Vehicle,#26,-6,45.0
HGF-SCID,Vehicle,#26,-4,56.25
HGF-SCID,Vehicle,#26,-2,68.75
HGF-SCID,Vehicle,#26,1,89.375
HGF-SCID,Vehicle,#26,3,107.25
HGF-SCID,Vehicle,#26,5,117.0
HGF-SCID,Vehicle,#26,8,147.0
HGF-SCID,Vehicle,#26,10,147.0
HGF-SCID,Vehicle,#26,12,159.25
HGF-SCID,Vehicle,#26,15,196.0
HGF-SCID,Vehicle,#26,17,240.0
HGF-SCID,Vehicle,#26,19,318.75
HGF-SCID,Vehicle,#26,22,374.0
HGF-SCID,Vehicle,#26,24,433.5
HGF-SCID,Vehicle,#26,26,459.0
HGF-SCID,Vehicle,#26,29,665.0
HGF-SCID,Vehicle,#26,31,760.0
HGF-SCID,Vehicle,#26,33,836.0
HGF-SCID,Vehicle,#26,36,920.0
HGF-SCID,Vehicle,#26,38,1326.0
HGF-SCID,Vehicle,#26,40,1566.0
HGF-SCID,Vehicle,#26,43,1980.0
HGF-SCID,Actemra,#27,-27,0.0
HGF-SCID,Actemra,#27,-25,0.0
HGF-SCID,Actemra,#27,-23,0.0
HGF-SCID,Actemra,#27,-20,0.0
HGF-SCID,Actemra,#27,-18,0.0
HGF-SCID,Actemra,#27,-16,9.0
HGF-SCID,Actemra,#27,-13,15.75
HGF-SCID,Actemra,#27,-6,40.0
HGF-SCID,Actemra,#27,-4,45.0
HGF-SCID,Actemra,#27,-2,49.5
HGF-SCID,Actemra,#27,1,81.25
HGF-SCID,Actemra,#27,3,93.75
HGF-SCID,Actemra,#27,5,106.25
HGF-SCID,Actemra,#27,8,173.25
HGF-SCID,Actemra,#27,10,173.25
HGF-SCID,Actemra,#27,12,173.25
HGF-SCID,Actemra,#27,15,220.5
HGF-SCID,Actemra,#27,17,252.0
HGF-SCID,Actemra,#27,19,330.0
HGF-SCID,Actemra,#27,22,357.5
HGF-SCID,Actemra,#27,24,357.5
HGF-SCID,Actemra,#27,26,357.5
HGF-SCID,Actemra,#27,29,431.25
HGF-SCID,Actemra,#27,31,474.375
HGF-SCID,Actemra,#27,33,517.5
HGF-SCID,Actemra,#27,36,598.0
HGF-SCID,Actemra,#27,38,663.0
HGF-SCID,Actemra,#27,40,743.75
HGF-SCID,Actemra,#27,43,936.0
HGF-SCID,XL184,#24,-27,0.0
HGF-SCID,XL184,#24,-25,0.0
HGF-SCID,XL184,#24,-23,0.0
HGF-SCID,XL184,#24,-20,9.0
HGF-SCID,XL184,#24,-18,9.0
HGF-SCID,XL184,#24,-16,9.0
HGF-SCID,XL184,#24,-13,10.5
HGF-SCID,XL184,#24,-6,31.5
HGF-SCID,XL184,#24,-4,40.0
HGF-SCID,XL184,#24,-2,40.0
HGF-SCID,XL184,#24,1,44.0
HGF-SCID,XL184,#24,3,55.0
HGF-SCID,XL184,#24,5,60.0
HGF-SCID,XL184,#24,8,81.25
HGF-SCID,XL184,#24,10,81.25
HGF-SCID,XL184,#24,12,81.25
HGF-SCID,XL184,#24,15,89.375
HGF-SCID,XL184,#24,17,75.0
HGF-SCID,XL184,#24,19,75.0
HGF-SCID,XL184,#24,22,75.0
HGF-SCID,XL184,#24,24,54.0
HGF-SCID,XL184,#24,26,54.0
HGF-SCID,XL184,#24,29,58.5
HGF-SCID,XL184,#24,31,58.5
HGF-SCID,XL184,#24,33,33.0
HGF-SCID,XL184,#24,36,54.0
HGF-SCID,XL184,#24,38,37.125
HGF-SCID,XL184,#24,40,33.0
HGF-SCID,XL184,#24,43,54.0
HGF-SCID,Vehicle,#43,-27,0.0
HGF-SCID,Vehicle,#43,-25,0.0
HGF-SCID,Vehicle,#43,-23,0.0
HGF-SCID,Vehicle,#43,-20,0.0
HGF-SCID,Vehicle,#43,-18,0.0
HGF-SCID,Vehicle,#43,-16,0.0
HGF-SCID,Vehicle,#43,-13,15.75
HGF-SCID,Vehicle,#43,-6,24.0
HGF-SCID,Vehicle,#43,-4,40.5
HGF-SCID,Vehicle,#43,-2,40.5
HGF-SCID,Vehicle,#43,1,45.0
HGF-SCID,Vehicle,#43,3,45.0
HGF-SCID,Vehicle,#43,5,60.0
HGF-SCID,Vehicle,#43,8,117.0
HGF-SCID,Vehicle,#43,10,117.0
HGF-SCID,Vehicle,#43,12,136.5
HGF-SCID,Vehicle,#43,15,169.0
HGF-SCID,Vehicle,#43,17,210.0
HGF-SCID,Vehicle,#43,19,281.25
HGF-SCID,Vehicle,#43,22,330.0
HGF-SCID,Vehicle,#43,24,360.0
HGF-SCID,Vehicle,#43,26,432.0
HGF-SCID,Vehicle,#43,29,432.0
HGF-SCID,Vehicle,#43,31,630.0
HGF-SCID,Vehicle,#43,33,630.0
HGF-SCID,Vehicle,#43,36,731.5
HGF-SCID,Vehicle,#43,38,1100.0
HGF-SCID,Vehicle,#43,40,1188.0
HGF-SCID,Vehicle,#43,43,1435.5
C3H-SCID,XL184+Actemra,#3982523644,-29,0.0
C3H-SCID,XL184+Actemra,#3982523644,-27,0.0
C3H-SCID,XL184+Actemra,#3982523644,-25,0.0
C3H-SCID,XL184+Actemra,#3982523644,-22,9.0
C3H-SCID,XL184+Actemra,#3982523644,-20,9.0
C3H-SCID,XL184+Actemra,#3982523644,-18,10.5
C3H-SCID,XL184+Actemra,#3982523644,-15,10.5
C3H-SCID,XL184+Actemra,#3982523644,-8,10.5
C3H-SCID,XL184+Actemra,#3982523644,-6,30.0
C3H-SCID,XL184+Actemra,#3982523644,-4,30.0
C3H-SCID,XL184+Actemra,#3982523644,-1,49.5
C3H-SCID,XL184+Actemra,#3982523644,1,49.5
C3H-SCID,XL184+Actemra,#3982523644,3,49.5
C3H-SCID,XL184+Actemra,#3982523644,6,60.0
C3H-SCID,XL184+Actemra,#3982523644,8,60.0
C3H-SCID,XL184+Actemra,#3982523644,10,60.0
C3H-SCID,XL184+Actemra,#3982523644,13,60.0
C3H-SCID,XL184+Actemra,#3982523644,15,90.0
C3H-SCID,XL184+Actemra,#3982523644,17,96.25
C3H-SCID,XL184+Actemra,#3982523644,20,96.25
C3H-SCID,XL184+Actemra,#3982523644,22,112.5
C3H-SCID,XL184+Actemra,#3982523644,24,96.25
C3H-SCID,XL184+Actemra,#3982523644,27,96.25
C3H-SCID,XL184+Actemra,#3982523644,29,96.25
C3H-SCID,XL184+Actemra,#3982523644,31,103.125
C3H-SCID,XL184+Actemra,#3982523644,34,120.0
C3H-SCID,XL184+Actemra,#3982523644,36,103.125
C3H-SCID,XL184+Actemra,#3982523644,38,81.25
C3H-SCID,XL184+Actemra,#3982523644,41,89.375
C3H-SCID,XL184+Actemra,#2715588301,-29,0.0
C3H-SCID,XL184+Actemra,#2715588301,-27,0.0
C3H-SCID,XL184+Actemra,#2715588301,-25,0.0
C3H-SCID,XL184+Actemra,#2715588301,-22,0.0
C3H-SCID,XL184+Actemra,#2715588301,-20,0.0
C3H-SCID,XL184+Actemra,#2715588301,-18,0.0
C3H-SCID,XL184+Actemra,#2715588301,-15,9.0
C3H-SCID,XL184+Actemra,#2715588301,-8,10.5
C3H-SCID,XL184+Actemra,#2715588301,-6,21.0
C3H-SCID,XL184+Actemra,#2715588301,-4,32.0
C3H-SCID,XL184+Actemra,#2715588301,-1,36.0
C3H-SCID,XL184+Actemra,#2715588301,1,36.0
C3H-SCID,XL184+Actemra,#2715588301,3,36.0
C3H-SCID,XL184+Actemra,#2715588301,6,45.0
C3H-SCID,XL184+Actemra,#2715588301,8,50.0
C3H-SCID,XL184+Actemra,#2715588301,10,55.0
C3H-SCID,XL184+Actemra,#2715588301,13,60.0
C3H-SCID,XL184+Actemra,#2715588301,15,82.5
C3H-SCID,XL184+Actemra,#2715588301,17,107.25
C3H-SCID,XL184+Actemra,#2715588301,20,126.0
C3H-SCID,XL184+Actemra,#2715588301,22,156.0
C3H-SCID,XL184+Actemra,#2715588301,24,156.0
C3H-SCID,XL184+Actemra,#2715588301,27,193.375
C3H-SCID,XL184+Actemra,#2715588301,29,168.0
C3H-SCID,XL184+Actemra,#2715588301,31,168.0
C3H-SCID,XL184+Actemra,#2715588301,34,192.0
C3H-SCID,XL184+Actemra,#2715588301,36,157.5
C3H-SCID,XL184+Actemra,#2715588301,38,135.0
C3H-SCID,XL184+Actemra,#2715588301,41,135.0
HGF-SCID,XL184+Actemra,#29,-27,0.0
HGF-SCID,XL184+Actemra,#29,-25,0.0
HGF-SCID,XL184+Actemra,#29,-23,0.0
HGF-SCID,XL184+Actemra,#29,-20,0.0
HGF-SCID,XL184+Actemra,#29,-18,0.0
HGF-SCID,XL184+Actemra,#29,-16,0.0
HGF-SCID,XL184+Actemra,#29,-13,0.0
HGF-SCID,XL184+Actemra,#29,-6,10.5
HGF-SCID,XL184+Actemra,#29,-4,10.5
HGF-SCID,XL184+Actemra,#29,-2,27.0
HGF-SCID,XL184+Actemra,#29,1,49.5
HGF-SCID,XL184+Actemra,#29,3,60.0
HGF-SCID,XL184+Actemra,#29,5,60.0
HGF-SCID,XL184+Actemra,#29,8,81.25
HGF-SCID,XL184+Actemra,#29,10,97.5
HGF-SCID,XL184+Actemra,#29,12,115.5
HGF-SCID,XL184+Actemra,#29,15,135.0
HGF-SCID,XL184+Actemra,#29,17,115.5
HGF-SCID,XL184+Actemra,#29,19,115.5
HGF-SCID,XL184+Actemra,#29,22,115.5
HGF-SCID,XL184+Actemra,#29,24,81.25
HGF-SCID,XL184+Actemra,#29,26,75.0
HGF-SCID,XL184+Actemra,#29,29,89.375
HGF-SCID,XL184+Actemra,#29,31,55.0
HGF-SCID,XL184+Actemra,#29,33,45.0
HGF-SCID,XL184+Actemra,#29,36,68.75
HGF-SCID,XL184+Actemra,#29,38,68.75
HGF-SCID,XL184+Actemra,#29,40,68.75
HGF-SCID,XL184+Actemra,#29,43,75.0
HGF-SCID,XL184,#48,-27,0.0
HGF-SCID,XL184,#48,-25,0.0
HGF-SCID,XL184,#48,-23,0.0
HGF-SCID,XL184,#48,-20,9.0
HGF-SCID,XL184,#48,-18,9.0
HGF-SCID,XL184,#48,-16,9.0
HGF-SCID,XL184,#48,-13,18.375
HGF-SCID,XL184,#48,-6,24.5
HGF-SCID,XL184,#48,-4,45.0
HGF-SCID,XL184,#48,-2,56.25
HGF-SCID,XL184,#48,1,89.375
HGF-SCID,XL184,#48,3,89.375
HGF-SCID,XL184,#48,5,89.375
HGF-SCID,XL184,#48,8,126.0
HGF-SCID,XL184,#48,10,126.0
HGF-SCID,XL184,#48,12,126.0
HGF-SCID,XL184,#48,15,144.0
HGF-SCID,XL184,#48,17,123.75
HGF-SCID,XL184,#48,19,107.25
HGF-SCID,XL184,#48,22,107.25
HGF-SCID,XL184,#48,24,89.375
HGF-SCID,XL184,#48,26,89.375
HGF-SCID,XL184,#48,29,107.25
HGF-SCID,XL184,#48,31,107.25
HGF-SCID,XL184,#48,33,82.5
HGF-SCID,XL184,#48,36,107.25
HGF-SCID,XL184,#48,38,99.0
HGF-SCID,XL184,#48,40,99.0
HGF-SCID,XL184,#48,43,99.0
HGF-SCID,XL184+Actemra,#49,-27,0.0
HGF-SCID,XL184+Actemra,#49,-25,0.0
HGF-SCID,XL184+Actemra,#49,-23,0.0
HGF-SCID,XL184+Actemra,#49,-20,0.0
HGF-SCID,XL184+Actemra,#49,-18,9.0
HGF-SCID,XL184+Actemra,#49,-16,10.5
HGF-SCID,XL184+Actemra,#49,-13,18.375
HGF-SCID,XL184+Actemra,#49,-6,18.375
HGF-SCID,XL184+Actemra,#49,-4,36.0
HGF-SCID,XL184+Actemra,#49,-2,36.0
HGF-SCID,XL184+Actemra,#49,1,40.5
HGF-SCID,XL184+Actemra,#49,3,40.5
HGF-SCID,XL184+Actemra,#49,5,45.0
HGF-SCID,XL184+Actemra,#49,8,56.25
HGF-SCID,XL184+Actemra,#49,10,56.25
HGF-SCID,XL184+Actemra,#49,12,90.75
HGF-SCID,XL184+Actemra,#49,15,90.75
HGF-SCID,XL184+Actemra,#49,17,82.5
HGF-SCID,XL184+Actemra,#49,19,82.5
HGF-SCID,XL184+Actemra,#49,22,82.5
HGF-SCID,XL184+Actemra,#49,24,61.875
HGF-SCID,XL184+Actemra,#49,26,68.75
HGF-SCID,XL184+Actemra,#49,29,68.75
HGF-SCID,XL184+Actemra,#49,31,55.0
HGF-SCID,XL184+Actemra,#49,33,45.0
HGF-SCID,XL184+Actemra,#49,36,49.5
HGF-SCID,XL184+Actemra,#49,38,40.5
HGF-SCID,XL184+Actemra,#49,40,32.0
HGF-SCID,XL184+Actemra,#49,43,50.0
C3H-SCID,Actemra,#1997893141,-29,0.0
C3H-SCID,Actemra,#1997893141,-27,0.0
C3H-SCID,Actemra,#1997893141,-25,0.0
C3H-SCID,Actemra,#1997893141,-22,0.0
C3H-SCID,Actemra,#1997893141,-20,0.0
C3H-SCID,Actemra,#1997893141,-18,9.0
C3H-SCID,Actemra,#1997893141,-15,13.5
C3H-SCID,Actemra,#1997893141,-8,15.75
C3H-SCID,Actemra,#1997893141,-6,21.0
C3H-SCID,Actemra,#1997893141,-4,24.0
C3H-SCID,Actemra,#1997893141,-1,50.0
C3H-SCID,Actemra,#1997893141,1,50.0
C3H-SCID,Actemra,#1997893141,3,50.0
C3H-SCID,Actemra,#1997893141,6,50.0
C3H-SCID,Actemra,#1997893141,8,50.0
C3H-SCID,Actemra,#1997893141,10,60.5
C3H-SCID,Actemra,#1997893141,13,90.75
C3H-SCID,Actemra,#1997893141,15,99.0
C3H-SCID,Actemra,#1997893141,17,107.25
C3H-SCID,Actemra,#1997893141,20,115.5
C3H-SCID,Actemra,#1997893141,22,115.5
C3H-SCID,Actemra,#1997893141,24,134.75
C3H-SCID,Actemra,#1997893141,27,182.0
C3H-SCID,Actemra,#1997893141,29,208.0
C3H-SCID,Actemra,#1997893141,31,208.0
C3H-SCID,Actemra,#1997893141,34,208.0
C3H-SCID,Actemra,#1997893141,36,248.625
C3H-SCID,Actemra,#1997893141,38,286.875
C3H-SCID,Actemra,#1997893141,41,286.875
C3H-SCID,XL184,#2696170919,-29,0.0
C3H-SCID,XL184,#2696170919,-27,0.0
C3H-SCID,XL184,#2696170919,-25,0.0
C3H-SCID,XL184,#2696170919,-22,9.0
C3H-SCID,XL184,#2696170919,-20,9.0
C3H-SCID,XL184,#2696170919,-18,10.5
C3H-SCID,XL184,#2696170919,-15,10.5
C3H-SCID,XL184,#2696170919,-8,10.5
C3H-SCID,XL184,#2696170919,-6,10.5
C3H-SCID,XL184,#2696170919,-4,15.75
C3H-SCID,XL184,#2696170919,-1,21.0
C3H-SCID,XL184,#2696170919,1,32.0
C3H-SCID,XL184,#2696170919,3,32.0
C3H-SCID,XL184,#2696170919,6,32.0
C3H-SCID,XL184,#2696170919,8,45.0
C3H-SCID,XL184,#2696170919,10,61.875
C3H-SCID,XL184,#2696170919,13,61.875
C3H-SCID,XL184,#2696170919,15,61.875
C3H-SCID,XL184,#2696170919,17,61.875
C3H-SCID,XL184,#2696170919,20,61.875
C3H-SCID,XL184,#2696170919,22,75.0
C3H-SCID,XL184,#2696170919,24,68.75
C3H-SCID,XL184,#2696170919,27,68.75
C3H-SCID,XL184,#2696170919,29,45.0
C3H-SCID,XL184,#2696170919,31,45.0
C3H-SCID,XL184,#2696170919,34,61.875
C3H-SCID,XL184,#2696170919,36,61.875
C3H-SCID,XL184,#2696170919,38,56.25
C3H-SCID,XL184,#2696170919,41,68.75
C3H-SCID,Actemra,#42,-29,0.0
C3H-SCID,Actemra,#42,-27,0.0
C3H-SCID,Actemra,#42,-25,0.0
C3H-SCID,Actemra,#42,-22,0.0
C3H-SCID,Actemra,#42,-20,9.0
C3H-SCID,Actemra,#42,-18,9.0
C3H-SCID,Actemra,#42,-15,18.375
C3H-SCID,Actemra,#42,-8,24.0
C3H-SCID,Actemra,#42,-6,45.0
C3H-SCID,Actemra,#42,-4,45.0
C3H-SCID,Actemra,#42,-1,55.0
C3H-SCID,Actemra,#42,1,60.0
C3H-SCID,Actemra,#42,3,60.0
C3H-SCID,Actemra,#42,6,82.5
C3H-SCID,Actemra,#42,8,82.5
C3H-SCID,Actemra,#42,10,103.125
C3H-SCID,Actemra,#42,13,127.5
C3H-SCID,Actemra,#42,15,162.0
C3H-SCID,Actemra,#42,17,162.0
C3H-SCID,Actemra,#42,20,171.0
C3H-SCID,Actemra,#42,22,185.25
C3H-SCID,Actemra,#42,24,185.25
C3H-SCID,Actemra,#42,27,288.75
C3H-SCID,Actemra,#42,29,384.0
C3H-SCID,Actemra,#42,31,459.0
C3H-SCID,Actemra,#42,34,679.25
C3H-SCID,Actemra,#42,36,715.0
C3H-SCID,Actemra,#42,38,850.5
C3H-SCID,Actemra,#42,41,1232.0
C3H-SCID,Vehicle,#4338532369,-29,0.0
C3H-SCID,Vehicle,#4338532369,-27,0.0
C3H-SCID,Vehicle,#4338532369,-25,0.0
C3H-SCID,Vehicle,#4338532369,-22,0.0
C3H-SCID,Vehicle,#4338532369,-20,0.0
C3H-SCID,Vehicle,#4338532369,-18,0.0
C3H-SCID,Vehicle,#4338532369,-15,0.0
C3H-SCID,Vehicle,#4338532369,-8,0.0
C3H-SCID,Vehicle,#4338532369,-6,0.0
C3H-SCID,Vehicle,#4338532369,-4,0.0
C3H-SCID,Vehicle,#4338532369,-1,0.0
C3H-SCID,Vehicle,#4338532369,1,9.0
C3H-SCID,Vehicle,#4338532369,3,24.0
C3H-SCID,Vehicle,#4338532369,6,40.0
C3H-SCID,Vehicle,#4338532369,8,40.0
C3H-SCID,Vehicle,#4338532369,10,50.0
C3H-SCID,Vehicle,#4338532369,13,60.0
C3H-SCID,Vehicle,#4338532369,15,60.0
C3H-SCID,Vehicle,#4338532369,17,65.0
C3H-SCID,Vehicle,#4338532369,20,70.0
C3H-SCID,Vehicle,#4338532369,22,77.0
C3H-SCID,Vehicle,#4338532369,24,112.5
C3H-SCID,Vehicle,#4338532369,27,138.125
C3H-SCID,Vehicle,#4338532369,29,146.25
C3H-SCID,Vehicle,#4338532369,31,185.25
C3H-SCID,Vehicle,#4338532369,34,216.125
C3H-SCID,Vehicle,#4338532369,36,294.0
C3H-SCID,Vehicle,#4338532369,38,294.0
C3H-SCID,Vehicle,#4338532369,41,294.0
C3H-SCID,Vehicle,#4610567354,-29,0.0
C3H-SCID,Vehicle,#4610567354,-27,0.0
C3H-SCID,Vehicle,#4610567354,-25,0.0
C3H-SCID,Vehicle,#4610567354,-22,0.0
C3H-SCID,Vehicle,#4610567354,-20,0.0
C3H-SCID,Vehicle,#4610567354,-18,0.0
C3H-SCID,Vehicle,#4610567354,-15,0.0
C3H-SCID,Vehicle,#4610567354,-8,9.0
C3H-SCID,Vehicle,#4610567354,-6,18.375
C3H-SCID,Vehicle,#4610567354,-4,18.375
C3H-SCID,Vehicle,#4610567354,-1,18.375
C3H-SCID,Vehicle,#4610567354,1,18.375
C3H-SCID,Vehicle,#4610567354,3,21.0
C3H-SCID,Vehicle,#4610567354,6,36.0
C3H-SCID,Vehicle,#4610567354,8,40.5
C3H-SCID,Vehicle,#4610567354,10,40.5
C3H-SCID,Vehicle,#4610567354,13,61.875
C3H-SCID,Vehicle,#4610567354,15,68.75
C3H-SCID,Vehicle,#4610567354,17,90.0
C3H-SCID,Vehicle,#4610567354,20,90.0
C3H-SCID,Vehicle,#4610567354,22,99.0
C3H-SCID,Vehicle,#4610567354,24,107.25
C3H-SCID,Vehicle,#4610567354,27,136.5
C3H-SCID,Vehicle,#4610567354,29,159.25
C3H-SCID,Vehicle,#4610567354,31,183.75
C3H-SCID,Vehicle,#4610567354,34,267.75
C3H-SCID,Vehicle,#4610567354,36,393.75
C3H-SCID,Vehicle,#4610567354,38,420.0
C3H-SCID,Vehicle,#4610567354,41,420.0
C3H-SCID,XL184+Actemra,#2453632974,-29,0.0
C3H-SCID,XL184+Actemra,#2453632974,-27,0.0
C3H-SCID,XL184+Actemra,#2453632974,-25,0.0
C3H-SCID,XL184+Actemra,#2453632974,-22,0.0
C3H-SCID,XL184+Actemra,#2453632974,-20,0.0
C3H-SCID,XL184+Actemra,#2453632974,-18,0.0
C3H-SCID,XL184+Actemra,#2453632974,-15,21.0
C3H-SCID,XL184+Actemra,#2453632974,-8,27.0
C3H-SCID,XL184+Actemra,#2453632974,-6,36.0
C3H-SCID,XL184+Actemra,#2453632974,-4,40.5
C3H-SCID,XL184+Actemra,#2453632974,-1,56.25
C3H-SCID,XL184+Actemra,#2453632974,1,62.5
C3H-SCID,XL184+Actemra,#2453632974,3,62.5
C3H-SCID,XL184+Actemra,#2453632974,6,82.5
C3H-SCID,XL184+Actemra,#2453632974,8,99.0
C3H-SCID,XL184+Actemra,#2453632974,10,117.0
C3H-SCID,XL184+Actemra,#2453632974,13,126.0
C3H-SCID,XL184+Actemra,#2453632974,15,162.0
C3H-SCID,XL184+Actemra,#2453632974,17,231.0
C3H-SCID,XL184+Actemra,#2453632974,20,269.5
C3H-SCID,XL184+Actemra,#2453632974,22,315.0
C3H-SCID,XL184+Actemra,#2453632974,24,261.625
C3H-SCID,XL184+Actemra,#2453632974,27,261.625
C3H-SCID,XL184+Actemra,#2453632974,29,NA
C3H-SCID,XL184+Actemra,#2453632974,31,NA
C3H-SCID,XL184+Actemra,#2453632974,34,NA
C3H-SCID,XL184+Actemra,#2453632974,36,NA
C3H-SCID,XL184+Actemra,#2453632974,38,NA
C3H-SCID,XL184+Actemra,#2453632974,41,NA
C3H-SCID,XL184+Actemra,#4970837605,-29,0.0
C3H-SCID,XL184+Actemra,#4970837605,-27,0.0
C3H-SCID,XL184+Actemra,#4970837605,-25,0.0
C3H-SCID,XL184+Actemra,#4970837605,-22,0.0
C3H-SCID,XL184+Actemra,#4970837605,-20,0.0
C3H-SCID,XL184+Actemra,#4970837605,-18,0.0
C3H-SCID,XL184+Actemra,#4970837605,-15,0.0
C3H-SCID,XL184+Actemra,#4970837605,-8,0.0
C3H-SCID,XL184+Actemra,#4970837605,-6,10.5
C3H-SCID,XL184+Actemra,#4970837605,-4,10.5
C3H-SCID,XL184+Actemra,#4970837605,-1,27.0
C3H-SCID,XL184+Actemra,#4970837605,1,27.0
C3H-SCID,XL184+Actemra,#4970837605,3,27.0
C3H-SCID,XL184+Actemra,#4970837605,6,49.5
C3H-SCID,XL184+Actemra,#4970837605,8,49.5
C3H-SCID,XL184+Actemra,#4970837605,10,49.5
C3H-SCID,XL184+Actemra,#4970837605,13,55.0
C3H-SCID,XL184+Actemra,#4970837605,15,55.0
C3H-SCID,XL184+Actemra,#4970837605,17,55.0
C3H-SCID,XL184+Actemra,#4970837605,20,55.0
C3H-SCID,XL184+Actemra,#4970837605,22,68.75
C3H-SCID,XL184+Actemra,#4970837605,24,55.0
C3H-SCID,XL184+Actemra,#4970837605,27,55.0
C3H-SCID,XL184+Actemra,#4970837605,29,55.0
C3H-SCID,XL184+Actemra,#4970837605,31,55.0
C3H-SCID,XL184+Actemra,#4970837605,34,82.5
C3H-SCID,XL184+Actemra,#4970837605,36,55.0
C3H-SCID,XL184+Actemra,#4970837605,38,55.0
C3H-SCID,XL184+Actemra,#4970837605,41,75.0
C3H-SCID,Vehicle,#2914656115,-29,0.0
C3H-SCID,Vehicle,#2914656115,-27,0.0
C3H-SCID,Vehicle,#2914656115,-25,0.0
C3H-SCID,Vehicle,#2914656115,-22,0.0
C3H-SCID,Vehicle,#2914656115,-20,9.0
C3H-SCID,Vehicle,#2914656115,-18,15.75
C3H-SCID,Vehicle,#2914656115,-15,18.375
C3H-SCID,Vehicle,#2914656115,-8,24.0
C3H-SCID,Vehicle,#2914656115,-6,40.5
C3H-SCID,Vehicle,#2914656115,-4,40.5
C3H-SCID,Vehicle,#2914656115,-1,40.5
C3H-SCID,Vehicle,#2914656115,1,61.875
C3H-SCID,Vehicle,#2914656115,3,75.0
C3H-SCID,Vehicle,#2914656115,6,75.0
C3H-SCID,Vehicle,#2914656115,8,75.0
C3H-SCID,Vehicle,#2914656115,10,90.0
C3H-SCID,Vehicle,#2914656115,13,97.5
C3H-SCID,Vehicle,#2914656115,15,107.25
C3H-SCID,Vehicle,#2914656115,17,117.0
C3H-SCID,Vehicle,#2914656115,20,117.0
C3H-SCID,Vehicle,#2914656115,22,170.625
C3H-SCID,Vehicle,#2914656115,24,219.375
C3H-SCID,Vehicle,#2914656115,27,380.0
C3H-SCID,Vehicle,#2914656115,29,418.0
C3H-SCID,Vehicle,#2914656115,31,540.0
C3H-SCID,Vehicle,#2914656115,34,764.75
C3H-SCID,Vehicle,#2914656115,36,798.0
C3H-SCID,Vehicle,#2914656115,38,1345.5
C3H-SCID,Vehicle,#2914656115,41,1397.25
C3H-SCID,Vehicle,#1794003823,-29,0.0
C3H-SCID,Vehicle,#1794003823,-27,0.0
C3H-SCID,Vehicle,#1794003823,-25,0.0
C3H-SCID,Vehicle,#1794003823,-22,0.0
C3H-SCID,Vehicle,#1794003823,-20,9.0
C3H-SCID,Vehicle,#1794003823,-18,10.5
C3H-SCID,Vehicle,#1794003823,-15,10.5
C3H-SCID,Vehicle,#1794003823,-8,10.5
C3H-SCID,Vehicle,#1794003823,-6,10.5
C3H-SCID,Vehicle,#1794003823,-4,10.5
C3H-SCID,Vehicle,#1794003823,-1,24.0
C3H-SCID,Vehicle,#1794003823,1,36.0
C3H-SCID,Vehicle,#1794003823,3,36.0
C3H-SCID,Vehicle,#1794003823,6,40.5
C3H-SCID,Vehicle,#1794003823,8,40.5
C3H-SCID,Vehicle,#1794003823,10,55.0
C3H-SCID,Vehicle,#1794003823,13,89.375
C3H-SCID,Vehicle,#1794003823,15,126.0
C3H-SCID,Vehicle,#1794003823,17,126.0
C3H-SCID,Vehicle,#1794003823,20,126.0
C3H-SCID,Vehicle,#1794003823,22,146.25
C3H-SCID,Vehicle,#1794003823,24,170.625
C3H-SCID,Vehicle,#1794003823,27,196.875
C3H-SCID,Vehicle,#1794003823,29,236.25
C3H-SCID,Vehicle,#1794003823,31,285.0
C3H-SCID,Vehicle,#1794003823,34,315.0
C3H-SCID,Vehicle,#1794003823,36,354.375
C3H-SCID,Vehicle,#1794003823,38,440.0
C3H-SCID,Vehicle,#1794003823,41,572.0
C3H-SCID,Vehicle,#4852754148,-29,0.0
C3H-SCID,Vehicle,#4852754148,-27,0.0
C3H-SCID,Vehicle,#4852754148,-25,0.0
C3H-SCID,Vehicle,#4852754148,-22,0.0
C3H-SCID,Vehicle,#4852754148,-20,0.0
C3H-SCID,Vehicle,#4852754148,-18,9.0
C3H-SCID,Vehicle,#4852754148,-15,15.75
C3H-SCID,Vehicle,#4852754148,-8,36.0
C3H-SCID,Vehicle,#4852754148,-6,45.0
C3H-SCID,Vehicle,#4852754148,-4,45.0
C3H-SCID,Vehicle,#4852754148,-1,55.0
C3H-SCID,Vehicle,#4852754148,1,55.0
C3H-SCID,Vehicle,#4852754148,3,68.75
C3H-SCID,Vehicle,#4852754148,6,68.75
C3H-SCID,Vehicle,#4852754148,8,82.5
C3H-SCID,Vehicle,#4852754148,10,117.0
C3H-SCID,Vehicle,#4852754148,13,144.0
C3H-SCID,Vehicle,#4852754148,15,193.375
C3H-SCID,Vehicle,#4852754148,17,221.0
C3H-SCID,Vehicle,#4852754148,20,221.0
C3H-SCID,Vehicle,#4852754148,22,266.0
C3H-SCID,Vehicle,#4852754148,24,367.5
C3H-SCID,Vehicle,#4852754148,27,420.0
C3H-SCID,Vehicle,#4852754148,29,440.0
C3H-SCID,Vehicle,#4852754148,31,440.0
C3H-SCID,Vehicle,#4852754148,34,528.0
C3H-SCID,Vehicle,#4852754148,36,654.5
C3H-SCID,Vehicle,#4852754148,38,843.75
C3H-SCID,Vehicle,#4852754148,41,956.25
C3H-SCID,XL184,#143242457,-29,0.0
C3H-SCID,XL184,#143242457,-27,0.0
C3H-SCID,XL184,#143242457,-25,0.0
C3H-SCID,XL184,#143242457,-22,0.0
C3H-SCID,XL184,#143242457,-20,0.0
C3H-SCID,XL184,#143242457,-18,0.0
C3H-SCID,XL184,#143242457,-15,9.0
C3H-SCID,XL184,#143242457,-8,9.0
C3H-SCID,XL184,#143242457,-6,18.375
C3H-SCID,XL184,#143242457,-4,18.375
C3H-SCID,XL184,#143242457,-1,36.0
C3H-SCID,XL184,#143242457,1,36.0
C3H-SCID,XL184,#143242457,3,45.0
C3H-SCID,XL184,#143242457,6,50.0
C3H-SCID,XL184,#143242457,8,50.0
C3H-SCID,XL184,#143242457,10,89.375
C3H-SCID,XL184,#143242457,13,97.5
C3H-SCID,XL184,#143242457,15,97.5
C3H-SCID,XL184,#143242457,17,117.0
C3H-SCID,XL184,#143242457,20,117.0
C3H-SCID,XL184,#143242457,22,117.0
C3H-SCID,XL184,#143242457,24,107.25
C3H-SCID,XL184,#143242457,27,115.5
C3H-SCID,XL184,#143242457,29,75.0
C3H-SCID,XL184,#143242457,31,75.0
C3H-SCID,XL184,#143242457,34,81.25
C3H-SCID,XL184,#143242457,36,75.0
C3H-SCID,XL184,#143242457,38,61.875
C3H-SCID,XL184,#143242457,41,89.375
C3H-SCID,XL184,#50,-29,0.0
C3H-SCID,XL184,#50,-27,0.0
C3H-SCID,XL184,#50,-25,0.0
C3H-SCID,XL184,#50,-22,0.0
C3H-SCID,XL184,#50,-20,0.0
C3H-SCID,XL184,#50,-18,0.0
C3H-SCID,XL184,#50,-15,0.0
C3H-SCID,XL184,#50,-8,0.0
C3H-SCID,XL184,#50,-6,0.0
C3H-SCID,XL184,#50,-4,9.0
C3H-SCID,XL184,#50,-1,15.75
C3H-SCID,XL184,#50,1,15.75
C3H-SCID,XL184,#50,3,21.0
C3H-SCID,XL184,#50,6,36.0
C3H-SCID,XL184,#50,8,36.0
C3H-SCID,XL184,#50,10,45.0
C3H-SCID,XL184,#50,13,60.0
C3H-SCID,XL184,#50,15,60.0
C3H-SCID,XL184,#50,17,60.0
C3H-SCID,XL184,#50,20,60.0
C3H-SCID,XL184,#50,22,75.0
C3H-SCID,XL184,#50,24,75.0
C3H-SCID,XL184,#50,27,89.375
C3H-SCID,XL184,#50,29,82.5
C3H-SCID,XL184,#50,31,82.5
C3H-SCID,XL184,#50,34,89.375
C3H-SCID,XL184,#50,36,81.25
C3H-SCID,XL184,#50,38,81.25
C3H-SCID,XL184,#50,41,107.25
HGF-SCID,Actemra,#44,-27,0.0
HGF-SCID,Actemra,#44,-25,0.0
HGF-SCID,Actemra,#44,-23,0.0
HGF-SCID,Actemra,#44,-20,9.0
HGF-SCID,Actemra,#44,-18,9.0
HGF-SCID,Actemra,#44,-16,18.375
HGF-SCID,Actemra,#44,-13,21.0
HGF-SCID,Actemra,#44,-6,36.0
HGF-SCID,Actemra,#44,-4,36.0
HGF-SCID,Actemra,#44,-2,56.25
HGF-SCID,Actemra,#44,1,75.0
HGF-SCID,Actemra,#44,3,81.25
HGF-SCID,Actemra,#44,5,115.5
HGF-SCID,Actemra,#44,8,115.5
HGF-SCID,Actemra,#44,10,126.0
HGF-SCID,Actemra,#44,12,135.0
HGF-SCID,Actemra,#44,15,153.0
HGF-SCID,Actemra,#44,17,189.0
HGF-SCID,Actemra,#44,19,234.0
HGF-SCID,Actemra,#44,22,234.0
HGF-SCID,Actemra,#44,24,221.0
HGF-SCID,Actemra,#44,26,221.0
HGF-SCID,Actemra,#44,29,320.625
HGF-SCID,Actemra,#44,31,375.0
HGF-SCID,Actemra,#44,33,375.0
HGF-SCID,Actemra,#44,36,453.75
HGF-SCID,Actemra,#44,38,598.0
HGF-SCID,Actemra,#44,40,598.0
HGF-SCID,Actemra,#44,43,690.625
C3H-SCID,XL184+Actemra,#756407721,-29,0.0
C3H-SCID,XL184+Actemra,#756407721,-27,0.0
C3H-SCID,XL184+Actemra,#756407721,-25,0.0
C3H-SCID,XL184+Actemra,#756407721,-22,0.0
C3H-SCID,XL184+Actemra,#756407721,-20,0.0
C3H-SCID,XL184+Actemra,#756407721,-18,0.0
C3H-SCID,XL184+Actemra,#756407721,-15,9.0
C3H-SCID,XL184+Actemra,#756407721,-8,15.75
C3H-SCID,XL184+Actemra,#756407721,-6,15.75
C3H-SCID,XL184+Actemra,#756407721,-4,21.0
C3H-SCID,XL184+Actemra,#756407721,-1,32.0
C3H-SCID,XL184+Actemra,#756407721,1,40.5
C3H-SCID,XL184+Actemra,#756407721,3,68.75
C3H-SCID,XL184+Actemra,#756407721,6,81.25
C3H-SCID,XL184+Actemra,#756407721,8,81.25
C3H-SCID,XL184+Actemra,#756407721,10,103.125
C3H-SCID,XL184+Actemra,#756407721,13,103.125
C3H-SCID,XL184+Actemra,#756407721,15,103.125
C3H-SCID,XL184+Actemra,#756407721,17,120.0
C3H-SCID,XL184+Actemra,#756407721,20,144.0
C3H-SCID,XL184+Actemra,#756407721,22,144.0
C3H-SCID,XL184+Actemra,#756407721,24,135.0
C3H-SCID,XL184+Actemra,#756407721,27,146.25
C3H-SCID,XL184+Actemra,#756407721,29,107.25
C3H-SCID,XL184+Actemra,#756407721,31,107.25
C3H-SCID,XL184+Actemra,#756407721,34,135.0
C3H-SCID,XL184+Actemra,#756407721,36,135.0
C3H-SCID,XL184+Actemra,#756407721,38,135.0
C3H-SCID,XL184+Actemra,#756407721,41,182.0
C3H-SCID,Actemra,#85967437,-29,0.0
C3H-SCID,Actemra,#85967437,-27,0.0
C3H-SCID,Actemra,#85967437,-25,0.0
C3H-SCID,Actemra,#85967437,-22,0.0
C3H-SCID,Actemra,#85967437,-20,0.0
C3H-SCID,Actemra,#85967437,-18,0.0
C3H-SCID,Actemra,#85967437,-15,0.0
C3H-SCID,Actemra,#85967437,-8,0.0
C3H-SCID,Actemra,#85967437,-6,15.75
C3H-SCID,Actemra,#85967437,-4,15.75
C3H-SCID,Actemra,#85967437,-1,15.75
C3H-SCID,Actemra,#85967437,1,15.75
C3H-SCID,Actemra,#85967437,3,15.75
C3H-SCID,Actemra,#85967437,6,36.0
C3H-SCID,Actemra,#85967437,8,36.0
C3H-SCID,Actemra,#85967437,10,49.5
C3H-SCID,Actemra,#85967437,13,49.5
C3H-SCID,Actemra,#85967437,15,49.5
C3H-SCID,Actemra,#85967437,17,75.0
C3H-SCID,Actemra,#85967437,20,112.5
C3H-SCID,Actemra,#85967437,22,146.25
C3H-SCID,Actemra,#85967437,24,146.25
C3H-SCID,Actemra,#85967437,27,156.0
C3H-SCID,Actemra,#85967437,29,156.0
C3H-SCID,Actemra,#85967437,31,156.0
C3H-SCID,Actemra,#85967437,34,208.25
C3H-SCID,Actemra,#85967437,36,238.0
C3H-SCID,Actemra,#85967437,38,252.0
C3H-SCID,Actemra,#85967437,41,315.0
C3H-SCID,Actemra,#336407810,-29,0.0
C3H-SCID,Actemra,#336407810,-27,0.0
C3H-SCID,Actemra,#336407810,-25,0.0
C3H-SCID,Actemra,#336407810,-22,0.0
C3H-SCID,Actemra,#336407810,-20,9.0
C3H-SCID,Actemra,#336407810,-18,12.25
C3H-SCID,Actemra,#336407810,-15,24.0
C3H-SCID,Actemra,#336407810,-8,36.0
C3H-SCID,Actemra,#336407810,-6,40.5
C3H-SCID,Actemra,#336407810,-4,49.5
C3H-SCID,Actemra,#336407810,-1,61.875
C3H-SCID,Actemra,#336407810,1,75.0
C3H-SCID,Actemra,#336407810,3,75.0
C3H-SCID,Actemra,#336407810,6,96.25
C3H-SCID,Actemra,#336407810,8,123.75
C3H-SCID,Actemra,#336407810,10,135.0
C3H-SCID,Actemra,#336407810,13,135.0
C3H-SCID,Actemra,#336407810,15,157.5
C3H-SCID,Actemra,#336407810,17,157.5
C3H-SCID,Actemra,#336407810,20,208.0
C3H-SCID,Actemra,#336407810,22,208.0
C3H-SCID,Actemra,#336407810,24,208.0
C3H-SCID,Actemra,#336407810,27,238.0
C3H-SCID,Actemra,#336407810,29,238.0
C3H-SCID,Actemra,#336407810,31,306.0
C3H-SCID,Actemra,#336407810,34,444.125
C3H-SCID,Actemra,#336407810,36,567.0
C3H-SCID,Actemra,#336407810,38,567.0
C3H-SCID,Actemra,#336407810,41,1134.0
HGF-SCID,XL184,#20,-27,0.0
HGF-SCID,XL184,#20,-25,0.0
HGF-SCID,XL184,#20,-23,0.0
HGF-SCID,XL184,#20,-20,9.0
HGF-SCID,XL184,#20,-18,9.0
HGF-SCID,XL184,#20,-16,10.5
HGF-SCID,XL184,#20,-13,18.375
HGF-SCID,XL184,#20,-6,24.0
HGF-SCID,XL184,#20,-4,40.5
HGF-SCID,XL184,#20,-2,40.5
HGF-SCID,XL184,#20,1,45.0
HGF-SCID,XL184,#20,3,54.0
HGF-SCID,XL184,#20,5,67.5
HGF-SCID,XL184,#20,8,81.25
HGF-SCID,XL184,#20,10,93.75
HGF-SCID,XL184,#20,12,110.0
HGF-SCID,XL184,#20,15,123.75
HGF-SCID,XL184,#20,17,123.75
HGF-SCID,XL184,#20,19,116.875
HGF-SCID,XL184,#20,22,112.5
HGF-SCID,XL184,#20,24,112.5
HGF-SCID,XL184,#20,26,106.25
HGF-SCID,XL184,#20,29,140.25
HGF-SCID,XL184,#20,31,106.25
HGF-SCID,XL184,#20,33,93.75
HGF-SCID,XL184,#20,36,110.0
HGF-SCID,XL184,#20,38,100.0
HGF-SCID,XL184,#20,40,100.0
HGF-SCID,XL184,#20,43,100.0
C3H-SCID,Actemra,#212569959,-29,0.0
C3H-SCID,Actemra,#212569959,-27,0.0
C3H-SCID,Actemra,#212569959,-25,0.0
C3H-SCID,Actemra,#212569959,-22,9.0
C3H-SCID,Actemra,#212569959,-20,9.0
C3H-SCID,Actemra,#212569959,-18,10.5
C3H-SCID,Actemra,#212569959,-15,18.375
C3H-SCID,Actemra,#212569959,-8,36.0
C3H-SCID,Actemra,#212569959,-6,45.0
C3H-SCID,Actemra,#212569959,-4,45.0
C3H-SCID,Actemra,#212569959,-1,45.0
C3H-SCID,Actemra,#212569959,1,62.5
C3H-SCID,Actemra,#212569959,3,62.5
C3H-SCID,Actemra,#212569959,6,89.375
C3H-SCID,Actemra,#212569959,8,89.375
C3H-SCID,Actemra,#212569959,10,97.5
C3H-SCID,Actemra,#212569959,13,153.0
C3H-SCID,Actemra,#212569959,15,180.0
C3H-SCID,Actemra,#212569959,17,189.0
C3H-SCID,Actemra,#212569959,20,214.5
C3H-SCID,Actemra,#212569959,22,281.75
C3H-SCID,Actemra,#212569959,24,315.0
C3H-SCID,Actemra,#212569959,27,384.0
C3H-SCID,Actemra,#212569959,29,459.0
C3H-SCID,Actemra,#212569959,31,552.5
C3H-SCID,Actemra,#212569959,34,607.5
C3H-SCID,Actemra,#212569959,36,770.0
C3H-SCID,Actemra,#212569959,38,825.0
C3H-SCID,Actemra,#212569959,41,900.0
HGF-SCID,Actemra,#35,-27,0.0
HGF-SCID,Actemra,#35,-25,0.0
HGF-SCID,Actemra,#35,-23,0.0
HGF-SCID,Actemra,#35,-20,0.0
HGF-SCID,Actemra,#35,-18,9.0
HGF-SCID,Actemra,#35,-16,9.0
HGF-SCID,Actemra,#35,-13,10.5
HGF-SCID,Actemra,#35,-6,21.0
HGF-SCID,Actemra,#35,-4,32.0
HGF-SCID,Actemra,#35,-2,40.5
HGF-SCID,Actemra,#35,1,62.5
HGF-SCID,Actemra,#35,3,62.5
HGF-SCID,Actemra,#35,5,68.75
HGF-SCID,Actemra,#35,8,75.625
HGF-SCID,Actemra,#35,10,75.625
HGF-SCID,Actemra,#35,12,82.5
HGF-SCID,Actemra,#35,15,99.0
HGF-SCID,Actemra,#35,17,99.0
HGF-SCID,Actemra,#35,19,108.0
HGF-SCID,Actemra,#35,22,117.0
HGF-SCID,Actemra,#35,24,182.0
HGF-SCID,Actemra,#35,26,182.0
HGF-SCID,Actemra,#35,29,195.0
HGF-SCID,Actemra,#35,31,236.25
HGF-SCID,Actemra,#35,33,318.75
HGF-SCID,Actemra,#35,36,337.5
HGF-SCID,Actemra,#35,38,371.25
HGF-SCID,Actemra,#35,40,486.0
HGF-SCID,Actemra,#35,43,555.75
HGF-SCID,XL184+Actemra,#47,-27,0.0
HGF-SCID,XL184+Actemra,#47,-25,0.0
HGF-SCID,XL184+Actemra,#47,-23,0.0
HGF-SCID,XL184+Actemra,#47,-20,9.0
HGF-SCID,XL184+Actemra,#47,-18,10.5
HGF-SCID,XL184+Actemra,#47,-16,15.75
HGF-SCID,XL184+Actemra,#47,-13,28.0
HGF-SCID,XL184+Actemra,#47,-6,32.0
HGF-SCID,XL184+Actemra,#47,-4,50.625
HGF-SCID,XL184+Actemra,#47,-2,50.625
HGF-SCID,XL184+Actemra,#47,1,107.25
HGF-SCID,XL184+Actemra,#47,3,107.25
HGF-SCID,XL184+Actemra,#47,5,125.125
HGF-SCID,XL184+Actemra,#47,8,159.25
HGF-SCID,XL184+Actemra,#47,10,159.25
HGF-SCID,XL184+Actemra,#47,12,159.25
HGF-SCID,XL184+Actemra,#47,15,182.0
HGF-SCID,XL184+Actemra,#47,17,182.0
HGF-SCID,XL184+Actemra,#47,19,156.0
HGF-SCID,XL184+Actemra,#47,22,169.0
HGF-SCID,XL184+Actemra,#47,24,90.75
HGF-SCID,XL184+Actemra,#47,26,90.75
HGF-SCID,XL184+Actemra,#47,29,117.0
HGF-SCID,XL184+Actemra,#47,31,99.0
HGF-SCID,XL184+Actemra,#47,33,90.75
HGF-SCID,XL184+Actemra,#47,36,125.125
HGF-SCID,XL184+Actemra,#47,38,105.0
HGF-SCID,XL184+Actemra,#47,40,82.5
HGF-SCID,XL184+Actemra,#47,43,82.5
C3H-SCID,XL184,#1016098487,-29,0.0
C3H-SCID,XL184,#1016098487,-27,0.0
C3H-SCID,XL184,#1016098487,-25,0.0
C3H-SCID,XL184,#1016098487,-22,0.0
C3H-SCID,XL184,#1016098487,-20,0.0
C3H-SCID,XL184,#1016098487,-18,0.0
C3H-SCID,XL184,#1016098487,-15,10.5
C3H-SCID,XL184,#1016098487,-8,21.0
C3H-SCID,XL184,#1016098487,-6,40.5
C3H-SCID,XL184,#1016098487,-4,56.25
C3H-SCID,XL184,#1016098487,-1,68.75
C3H-SCID,XL184,#1016098487,1,68.75
C3H-SCID,XL184,#1016098487,3,68.75
C3H-SCID,XL184,#1016098487,6,82.5
C3H-SCID,XL184,#1016098487,8,82.5
C3H-SCID,XL184,#1016098487,10,99.0
C3H-SCID,XL184,#1016098487,13,115.5
C3H-SCID,XL184,#1016098487,15,115.5
C3H-SCID,XL184,#1016098487,17,115.5
C3H-SCID,XL184,#1016098487,20,147.875
C3H-SCID,XL184,#1016098487,22,195.0
C3H-SCID,XL184,#1016098487,24,180.0
C3H-SCID,XL184,#1016098487,27,216.0
C3H-SCID,XL184,#1016098487,29,140.0
C3H-SCID,XL184,#1016098487,31,154.0
C3H-SCID,XL184,#1016098487,34,178.5
C3H-SCID,XL184,#1016098487,36,168.0
C3H-SCID,XL184,#1016098487,38,123.75
C3H-SCID,XL184,#1016098487,41,135.0
HGF-SCID,Actemra,#12,-27,0.0
HGF-SCID,Actemra,#12,-25,0.0
HGF-SCID,Actemra,#12,-23,0.0
HGF-SCID,Actemra,#12,-20,0.0
HGF-SCID,Actemra,#12,-18,9.0
HGF-SCID,Actemra,#12,-16,10.5
HGF-SCID,Actemra,#12,-13,24.0
HGF-SCID,Actemra,#12,-6,45.0
HGF-SCID,Actemra,#12,-4,45.0
HGF-SCID,Actemra,#12,-2,62.5
HGF-SCID,Actemra,#12,1,68.75
HGF-SCID,Actemra,#12,3,68.75
HGF-SCID,Actemra,#12,5,82.5
HGF-SCID,Actemra,#12,8,90.0
HGF-SCID,Actemra,#12,10,117.0
HGF-SCID,Actemra,#12,12,117.0
HGF-SCID,Actemra,#12,15,159.25
HGF-SCID,Actemra,#12,17,170.625
HGF-SCID,Actemra,#12,19,210.0
HGF-SCID,Actemra,#12,22,238.0
HGF-SCID,Actemra,#12,24,252.0
HGF-SCID,Actemra,#12,26,252.0
HGF-SCID,Actemra,#12,29,320.625
HGF-SCID,Actemra,#12,31,356.25
HGF-SCID,Actemra,#12,33,400.0
HGF-SCID,Actemra,#12,36,440.0
HGF-SCID,Actemra,#12,38,552.0
HGF-SCID,Actemra,#12,40,690.625
HGF-SCID,Actemra,#12,43,787.5
C3H-SCID,XL184+Actemra,#3342529585,-29,0.0
C3H-SCID,XL184+Actemra,#3342529585,-27,0.0
C3H-SCID,XL184+Actemra,#3342529585,-25,0.0
C3H-SCID,XL184+Actemra,#3342529585,-22,0.0
C3H-SCID,XL184+Actemra,#3342529585,-20,0.0
C3H-SCID,XL184+Actemra,#3342529585,-18,0.0
C3H-SCID,XL184+Actemra,#3342529585,-15,9.0
C3H-SCID,XL184+Actemra,#3342529585,-8,15.75
C3H-SCID,XL184+Actemra,#3342529585,-6,36.0
C3H-SCID,XL184+Actemra,#3342529585,-4,36.0
C3H-SCID,XL184+Actemra,#3342529585,-1,36.0
C3H-SCID,XL184+Actemra,#3342529585,1,40.0
C3H-SCID,XL184+Actemra,#3342529585,3,55.0
C3H-SCID,XL184+Actemra,#3342529585,6,75.0
C3H-SCID,XL184+Actemra,#3342529585,8,97.5
C3H-SCID,XL184+Actemra,#3342529585,10,105.0
C3H-SCID,XL184+Actemra,#3342529585,13,112.5
C3H-SCID,XL184+Actemra,#3342529585,15,162.0
C3H-SCID,XL184+Actemra,#3342529585,17,162.0
C3H-SCID,XL184+Actemra,#3342529585,20,162.0
C3H-SCID,XL184+Actemra,#3342529585,22,175.5
C3H-SCID,XL184+Actemra,#3342529585,24,165.75
C3H-SCID,XL184+Actemra,#3342529585,27,182.0
C3H-SCID,XL184+Actemra,#3342529585,29,135.0
C3H-SCID,XL184+Actemra,#3342529585,31,182.0
C3H-SCID,XL184+Actemra,#3342529585,34,224.0
C3H-SCID,XL184+Actemra,#3342529585,36,220.5
C3H-SCID,XL184+Actemra,#3342529585,38,146.25
C3H-SCID,XL184+Actemra,#3342529585,41,208.25
C3H-SCID,Actemra,#4413261956,-29,0.0
C3H-SCID,Actemra,#4413261956,-27,0.0
C3H-SCID,Actemra,#4413261956,-25,0.0
C3H-SCID,Actemra,#4413261956,-22,0.0
C3H-SCID,Actemra,#4413261956,-20,0.0
C3H-SCID,Actemra,#4413261956,-18,9.0
C3H-SCID,Actemra,#4413261956,-15,10.5
C3H-SCID,Actemra,#4413261956,-8,12.25
C3H-SCID,Actemra,#4413261956,-6,30.375
C3H-SCID,Actemra,#4413261956,-4,40.5
C3H-SCID,Actemra,#4413261956,-1,40.5
C3H-SCID,Actemra,#4413261956,1,40.5
C3H-SCID,Actemra,#4413261956,3,40.5
C3H-SCID,Actemra,#4413261956,6,40.5
C3H-SCID,Actemra,#4413261956,8,40.5
C3H-SCID,Actemra,#4413261956,10,56.25
C3H-SCID,Actemra,#4413261956,13,75.625
C3H-SCID,Actemra,#4413261956,15,75.625
C3H-SCID,Actemra,#4413261956,17,75.625
C3H-SCID,Actemra,#4413261956,20,82.5
C3H-SCID,Actemra,#4413261956,22,82.5
C3H-SCID,Actemra,#4413261956,24,82.5
C3H-SCID,Actemra,#4413261956,27,115.5
C3H-SCID,Actemra,#4413261956,29,115.5
C3H-SCID,Actemra,#4413261956,31,182.0
C3H-SCID,Actemra,#4413261956,34,234.0
C3H-SCID,Actemra,#4413261956,36,234.0
C3H-SCID,Actemra,#4413261956,38,299.25
C3H-SCID,Actemra,#4413261956,41,400.0
HGF-SCID,XL184+Actemra,#37,-27,0.0
HGF-SCID,XL184+Actemra,#37,-25,0.0
HGF-SCID,XL184+Actemra,#37,-23,0.0
HGF-SCID,XL184+Actemra,#37,-20,0.0
HGF-SCID,XL184+Actemra,#37,-18,0.0
HGF-SCID,XL184+Actemra,#37,-16,0.0
HGF-SCID,XL184+Actemra,#37,-13,0.0
HGF-SCID,XL184+Actemra,#37,-6,0.0
HGF-SCID,XL184+Actemra,#37,-4,0.0
HGF-SCID,XL184+Actemra,#37,-2,21.0
HGF-SCID,XL184+Actemra,#37,1,62.5
HGF-SCID,XL184+Actemra,#37,3,62.5
HGF-SCID,XL184+Actemra,#37,5,82.5
HGF-SCID,XL184+Actemra,#37,8,126.75
HGF-SCID,XL184+Actemra,#37,10,126.75
HGF-SCID,XL184+Actemra,#37,12,136.5
HGF-SCID,XL184+Actemra,#37,15,146.25
HGF-SCID,XL184+Actemra,#37,17,126.0
HGF-SCID,XL184+Actemra,#37,19,107.25
HGF-SCID,XL184+Actemra,#37,22,107.25
HGF-SCID,XL184+Actemra,#37,24,82.5
HGF-SCID,XL184+Actemra,#37,26,75.0
HGF-SCID,XL184+Actemra,#37,29,96.25
HGF-SCID,XL184+Actemra,#37,31,89.375
HGF-SCID,XL184+Actemra,#37,33,68.75
HGF-SCID,XL184+Actemra,#37,36,81.25
HGF-SCID,XL184+Actemra,#37,38,60.0
HGF-SCID,XL184+Actemra,#37,40,49.5
HGF-SCID,XL184+Actemra,#37,43,60.0
HGF-SCID,Actemra,#41,-27,0.0
HGF-SCID,Actemra,#41,-25,0.0
HGF-SCID,Actemra,#41,-23,0.0
HGF-SCID,Actemra,#41,-20,0.0
HGF-SCID,Actemra,#41,-18,9.0
HGF-SCID,Actemra,#41,-16,9.0
HGF-SCID,Actemra,#41,-13,10.5
HGF-SCID,Actemra,#41,-6,27.0
HGF-SCID,Actemra,#41,-4,45.0
HGF-SCID,Actemra,#41,-2,45.0
HGF-SCID,Actemra,#41,1,61.875
HGF-SCID,Actemra,#41,3,68.75
HGF-SCID,Actemra,#41,5,68.75
HGF-SCID,Actemra,#41,8,99.0
HGF-SCID,Actemra,#41,10,99.0
HGF-SCID,Actemra,#41,12,108.0
HGF-SCID,Actemra,#41,15,182.0
HGF-SCID,Actemra,#41,17,234.0
HGF-SCID,Actemra,#41,19,283.5
HGF-SCID,Actemra,#41,22,332.5
HGF-SCID,Actemra,#41,24,365.75
HGF-SCID,Actemra,#41,26,456.0
HGF-SCID,Actemra,#41,29,450.0
HGF-SCID,Actemra,#41,31,693.0
HGF-SCID,Actemra,#41,33,798.0
HGF-SCID,Actemra,#41,36,926.25
HGF-SCID,Actemra,#41,38,998.4
HGF-SCID,Actemra,#41,40,1232.5
HGF-SCID,Actemra,#41,43,NA
HGF-SCID,Vehicle,#36,-27,0.0
HGF-SCID,Vehicle,#36,-25,0.0
HGF-SCID,Vehicle,#36,-23,0.0
HGF-SCID,Vehicle,#36,-20,0.0
HGF-SCID,Vehicle,#36,-18,9.0
HGF-SCID,Vehicle,#36,-16,9.0
HGF-SCID,Vehicle,#36,-13,10.5
HGF-SCID,Vehicle,#36,-6,10.5
HGF-SCID,Vehicle,#36,-4,27.0
HGF-SCID,Vehicle,#36,-2,27.0
HGF-SCID,Vehicle,#36,1,45.0
HGF-SCID,Vehicle,#36,3,75.0
HGF-SCID,Vehicle,#36,5,82.5
HGF-SCID,Vehicle,#36,8,90.0
HGF-SCID,Vehicle,#36,10,108.0
HGF-SCID,Vehicle,#36,12,117.0
HGF-SCID,Vehicle,#36,15,157.5
HGF-SCID,Vehicle,#36,17,157.5
HGF-SCID,Vehicle,#36,19,238.0
HGF-SCID,Vehicle,#36,22,315.0
HGF-SCID,Vehicle,#36,24,315.0
HGF-SCID,Vehicle,#36,26,315.0
HGF-SCID,Vehicle,#36,29,371.25
HGF-SCID,Vehicle,#36,31,405.0
HGF-SCID,Vehicle,#36,33,427.5
HGF-SCID,Vehicle,#36,36,504.0
HGF-SCID,Vehicle,#36,38,731.25
HGF-SCID,Vehicle,#36,40,910.0
HGF-SCID,Vehicle,#36,43,1176.0
C3H-SCID,XL184,#3685397068,-29,0.0
C3H-SCID,XL184,#3685397068,-27,0.0
C3H-SCID,XL184,#3685397068,-25,0.0
C3H-SCID,XL184,#3685397068,-22,0.0
C3H-SCID,XL184,#3685397068,-20,0.0
C3H-SCID,XL184,#3685397068,-18,0.0
C3H-SCID,XL184,#3685397068,-15,0.0
C3H-SCID,XL184,#3685397068,-8,18.375
C3H-SCID,XL184,#3685397068,-6,18.375
C3H-SCID,XL184,#3685397068,-4,24.0
C3H-SCID,XL184,#3685397068,-1,36.0
C3H-SCID,XL184,#3685397068,1,36.0
C3H-SCID,XL184,#3685397068,3,36.0
C3H-SCID,XL184,#3685397068,6,55.0
C3H-SCID,XL184,#3685397068,8,68.75
C3H-SCID,XL184,#3685397068,10,117.0
C3H-SCID,XL184,#3685397068,13,117.0
C3H-SCID,XL184,#3685397068,15,117.0
C3H-SCID,XL184,#3685397068,17,117.0
C3H-SCID,XL184,#3685397068,20,117.0
C3H-SCID,XL184,#3685397068,22,126.0
C3H-SCID,XL184,#3685397068,24,126.0
C3H-SCID,XL184,#3685397068,27,126.0
C3H-SCID,XL184,#3685397068,29,97.5
C3H-SCID,XL184,#3685397068,31,107.25
C3H-SCID,XL184,#3685397068,34,135.0
C3H-SCID,XL184,#3685397068,36,107.25
C3H-SCID,XL184,#3685397068,38,68.75
C3H-SCID,XL184,#3685397068,41,99.0
C3H-SCID,Vehicle,#1858477261,-29,0.0
C3H-SCID,Vehicle,#1858477261,-27,0.0
C3H-SCID,Vehicle,#1858477261,-25,0.0
C3H-SCID,Vehicle,#1858477261,-22,0.0
C3H-SCID,Vehicle,#1858477261,-20,0.0
C3H-SCID,Vehicle,#1858477261,-18,0.0
C3H-SCID,Vehicle,#1858477261,-15,0.0
C3H-SCID,Vehicle,#1858477261,-8,0.0
C3H-SCID,Vehicle,#1858477261,-6,0.0
C3H-SCID,Vehicle,#1858477261,-4,0.0
C3H-SCID,Vehicle,#1858477261,-1,0.0
C3H-SCID,Vehicle,#1858477261,1,0.0
C3H-SCID,Vehicle,#1858477261,3,0.0
C3H-SCID,Vehicle,#1858477261,6,9.0
C3H-SCID,Vehicle,#1858477261,8,36.0
C3H-SCID,Vehicle,#1858477261,10,36.0
C3H-SCID,Vehicle,#1858477261,13,50.0
C3H-SCID,Vehicle,#1858477261,15,62.5
C3H-SCID,Vehicle,#1858477261,17,62.5
C3H-SCID,Vehicle,#1858477261,20,62.5
C3H-SCID,Vehicle,#1858477261,22,68.75
C3H-SCID,Vehicle,#1858477261,24,82.5
C3H-SCID,Vehicle,#1858477261,27,96.25
C3H-SCID,Vehicle,#1858477261,29,115.5
C3H-SCID,Vehicle,#1858477261,31,136.5
C3H-SCID,Vehicle,#1858477261,34,147.0
C3H-SCID,Vehicle,#1858477261,36,159.25
C3H-SCID,Vehicle,#1858477261,38,182.0
C3H-SCID,Vehicle,#1858477261,41,195.0
HGF-SCID,XL184+Actemra,#31,-27,0.0
HGF-SCID,XL184+Actemra,#31,-25,0.0
HGF-SCID,XL184+Actemra,#31,-23,0.0
HGF-SCID,XL184+Actemra,#31,-20,9.0
HGF-SCID,XL184+Actemra,#31,-18,9.0
HGF-SCID,XL184+Actemra,#31,-16,9.0
HGF-SCID,XL184+Actemra,#31,-13,18.375
HGF-SCID,XL184+Actemra,#31,-6,21.0
HGF-SCID,XL184+Actemra,#31,-4,32.0
HGF-SCID,XL184+Actemra,#31,-2,36.0
HGF-SCID,XL184+Actemra,#31,1,45.0
HGF-SCID,XL184+Actemra,#31,3,56.25
HGF-SCID,XL184+Actemra,#31,5,56.25
HGF-SCID,XL184+Actemra,#31,8,68.75
HGF-SCID,XL184+Actemra,#31,10,90.0
HGF-SCID,XL184+Actemra,#31,12,90.0
HGF-SCID,XL184+Actemra,#31,15,99.0
HGF-SCID,XL184+Actemra,#31,17,82.5
HGF-SCID,XL184+Actemra,#31,19,62.5
HGF-SCID,XL184+Actemra,#31,22,62.5
HGF-SCID,XL184+Actemra,#31,24,45.0
HGF-SCID,XL184+Actemra,#31,26,45.0
HGF-SCID,XL184+Actemra,#31,29,68.75
HGF-SCID,XL184+Actemra,#31,31,55.0
HGF-SCID,XL184+Actemra,#31,33,45.0
HGF-SCID,XL184+Actemra,#31,36,45.0
HGF-SCID,XL184+Actemra,#31,38,40.5
HGF-SCID,XL184+Actemra,#31,40,27.0
HGF-SCID,XL184+Actemra,#31,43,45.0
HGF-SCID,Actemra,#33,-27,0.0
HGF-SCID,Actemra,#33,-25,0.0
HGF-SCID,Actemra,#33,-23,0.0
HGF-SCID,Actemra,#33,-20,9.0
HGF-SCID,Actemra,#33,-18,9.0
HGF-SCID,Actemra,#33,-16,9.0
HGF-SCID,Actemra,#33,-13,21.0
HGF-SCID,Actemra,#33,-6,32.0
HGF-SCID,Actemra,#33,-4,36.0
HGF-SCID,Actemra,#33,-2,40.5
HGF-SCID,Actemra,#33,1,62.5
HGF-SCID,Actemra,#33,3,62.5
HGF-SCID,Actemra,#33,5,75.625
HGF-SCID,Actemra,#33,8,90.75
HGF-SCID,Actemra,#33,10,90.75
HGF-SCID,Actemra,#33,12,108.0
HGF-SCID,Actemra,#33,15,136.5
HGF-SCID,Actemra,#33,17,136.5
HGF-SCID,Actemra,#33,19,136.5
HGF-SCID,Actemra,#33,22,136.5
HGF-SCID,Actemra,#33,24,136.5
HGF-SCID,Actemra,#33,26,159.25
HGF-SCID,Actemra,#33,29,195.0
HGF-SCID,Actemra,#33,31,195.0
HGF-SCID,Actemra,#33,33,219.375
HGF-SCID,Actemra,#33,36,276.25
HGF-SCID,Actemra,#33,38,297.5
HGF-SCID,Actemra,#33,40,NA
HGF-SCID,Actemra,#33,43,NA
C3H-SCID,Vehicle,#25,-29,0.0
C3H-SCID,Vehicle,#25,-27,0.0
C3H-SCID,Vehicle,#25,-25,0.0
C3H-SCID,Vehicle,#25,-22,0.0
C3H-SCID,Vehicle,#25,-20,0.0
C3H-SCID,Vehicle,#25,-18,0.0
C3H-SCID,Vehicle,#25,-15,0.0
C3H-SCID,Vehicle,#25,-8,0.0
C3H-SCID,Vehicle,#25,-6,0.0
C3H-SCID,Vehicle,#25,-4,10.5
C3H-SCID,Vehicle,#25,-1,10.5
C3H-SCID,Vehicle,#25,1,15.75
C3H-SCID,Vehicle,#25,3,18.0
C3H-SCID,Vehicle,#25,6,27.0
C3H-SCID,Vehicle,#25,8,36.0
C3H-SCID,Vehicle,#25,10,44.0
C3H-SCID,Vehicle,#25,13,68.75
C3H-SCID,Vehicle,#25,15,75.0
C3H-SCID,Vehicle,#25,17,75.0
C3H-SCID,Vehicle,#25,20,81.25
C3H-SCID,Vehicle,#25,22,105.0
C3H-SCID,Vehicle,#25,24,105.0
C3H-SCID,Vehicle,#25,27,123.75
C3H-SCID,Vehicle,#25,29,132.0
C3H-SCID,Vehicle,#25,31,154.0
C3H-SCID,Vehicle,#25,34,178.5
C3H-SCID,Vehicle,#25,36,148.75
C3H-SCID,Vehicle,#25,38,199.5
C3H-SCID,Vehicle,#25,41,247.0
C3H-SCID,Vehicle,#349192223,-29,0.0
C3H-SCID,Vehicle,#349192223,-27,0.0
C3H-SCID,Vehicle,#349192223,-25,0.0
C3H-SCID,Vehicle,#349192223,-22,0.0
C3H-SCID,Vehicle,#349192223,-20,0.0
C3H-SCID,Vehicle,#349192223,-18,9.0
C3H-SCID,Vehicle,#349192223,-15,9.0
C3H-SCID,Vehicle,#349192223,-8,18.375
C3H-SCID,Vehicle,#349192223,-6,32.0
C3H-SCID,Vehicle,#349192223,-4,36.0
C3H-SCID,Vehicle,#349192223,-1,40.5
C3H-SCID,Vehicle,#349192223,1,45.0
C3H-SCID,Vehicle,#349192223,3,62.5
C3H-SCID,Vehicle,#349192223,6,68.75
C3H-SCID,Vehicle,#349192223,8,90.0
C3H-SCID,Vehicle,#349192223,10,97.5
C3H-SCID,Vehicle,#349192223,13,113.75
C3H-SCID,Vehicle,#349192223,15,154.0
C3H-SCID,Vehicle,#349192223,17,180.0
C3H-SCID,Vehicle,#349192223,20,180.0
C3H-SCID,Vehicle,#349192223,22,221.0
C3H-SCID,Vehicle,#349192223,24,248.625
C3H-SCID,Vehicle,#349192223,27,400.0
C3H-SCID,Vehicle,#349192223,29,510.0
C3H-SCID,Vehicle,#349192223,31,594.0
C3H-SCID,Vehicle,#349192223,34,771.875
C3H-SCID,Vehicle,#349192223,36,1049.75
C3H-SCID,Vehicle,#349192223,38,1105.0
C3H-SCID,Vehicle,#349192223,41,1552.5
C3H-SCID,XL184,#1568360581,-29,0.0
C3H-SCID,XL184,#1568360581,-27,0.0
C3H-SCID,XL184,#1568360581,-25,0.0
C3H-SCID,XL184,#1568360581,-22,0.0
C3H-SCID,XL184,#1568360581,-20,0.0
C3H-SCID,XL184,#1568360581,-18,0.0
C3H-SCID,XL184,#1568360581,-15,9.0
C3H-SCID,XL184,#1568360581,-8,10.5
C3H-SCID,XL184,#1568360581,-6,15.75
C3H-SCID,XL184,#1568360581,-4,45.0
C3H-SCID,XL184,#1568360581,-1,61.875
C3H-SCID,XL184,#1568360581,1,61.875
C3H-SCID,XL184,#1568360581,3,99.0
C3H-SCID,XL184,#1568360581,6,107.25
C3H-SCID,XL184,#1568360581,8,117.0
C3H-SCID,XL184,#1568360581,10,126.0
C3H-SCID,XL184,#1568360581,13,126.0
C3H-SCID,XL184,#1568360581,15,126.0
C3H-SCID,XL184,#1568360581,17,126.0
C3H-SCID,XL184,#1568360581,20,126.0
C3H-SCID,XL184,#1568360581,22,156.0
C3H-SCID,XL184,#1568360581,24,156.0
C3H-SCID,XL184,#1568360581,27,156.0
C3H-SCID,XL184,#1568360581,29,146.25
C3H-SCID,XL184,#1568360581,31,156.0
C3H-SCID,XL184,#1568360581,34,175.5
C3H-SCID,XL184,#1568360581,36,153.0
C3H-SCID,XL184,#1568360581,38,112.5
C3H-SCID,XL184,#1568360581,41,156.0
C3H-SCID,XL184,#2082615000,-29,0.0
C3H-SCID,XL184,#2082615000,-27,0.0
C3H-SCID,XL184,#2082615000,-25,0.0
C3H-SCID,XL184,#2082615000,-22,9.0
C3H-SCID,XL184,#2082615000,-20,12.25
C3H-SCID,XL184,#2082615000,-18,18.375
C3H-SCID,XL184,#2082615000,-15,21.0
C3H-SCID,XL184,#2082615000,-8,27.0
C3H-SCID,XL184,#2082615000,-6,36.0
C3H-SCID,XL184,#2082615000,-4,36.0
C3H-SCID,XL184,#2082615000,-1,36.0
C3H-SCID,XL184,#2082615000,1,36.0
C3H-SCID,XL184,#2082615000,3,40.5
C3H-SCID,XL184,#2082615000,6,40.5
C3H-SCID,XL184,#2082615000,8,40.5
C3H-SCID,XL184,#2082615000,10,50.0
C3H-SCID,XL184,#2082615000,13,68.75
C3H-SCID,XL184,#2082615000,15,68.75
C3H-SCID,XL184,#2082615000,17,68.75
C3H-SCID,XL184,#2082615000,20,75.625
C3H-SCID,XL184,#2082615000,22,97.5
C3H-SCID,XL184,#2082615000,24,90.0
C3H-SCID,XL184,#2082615000,27,90.0
C3H-SCID,XL184,#2082615000,29,60.5
C3H-SCID,XL184,#2082615000,31,55.0
C3H-SCID,XL184,#2082615000,34,75.0
C3H-SCID,XL184,#2082615000,36,68.75
C3H-SCID,XL184,#2082615000,38,55.0
C3H-SCID,XL184,#2082615000,41,75.625
HGF-SCID,Vehicle,#19,-27,0.0
HGF-SCID,Vehicle,#19,-25,0.0
HGF-SCID,Vehicle,#19,-23,0.0
HGF-SCID,Vehicle,#19,-20,0.0
HGF-SCID,Vehicle,#19,-18,9.0
HGF-SCID,Vehicle,#19,-16,9.0
HGF-SCID,Vehicle,#19,-13,10.5
HGF-SCID,Vehicle,#19,-6,10.5
HGF-SCID,Vehicle,#19,-4,24.0
HGF-SCID,Vehicle,#19,-2,24.0
HGF-SCID,Vehicle,#19,1,27.0
HGF-SCID,Vehicle,#19,3,27.0
HGF-SCID,Vehicle,#19,5,27.0
HGF-SCID,Vehicle,#19,8,45.0
HGF-SCID,Vehicle,#19,10,45.0
HGF-SCID,Vehicle,#19,12,68.75
HGF-SCID,Vehicle,#19,15,89.375
HGF-SCID,Vehicle,#19,17,107.25
HGF-SCID,Vehicle,#19,19,107.25
HGF-SCID,Vehicle,#19,22,107.25
HGF-SCID,Vehicle,#19,24,126.0
HGF-SCID,Vehicle,#19,26,135.0
HGF-SCID,Vehicle,#19,29,135.0
HGF-SCID,Vehicle,#19,31,135.0
HGF-SCID,Vehicle,#19,33,135.0
HGF-SCID,Vehicle,#19,36,135.0
HGF-SCID,Vehicle,#19,38,144.0
HGF-SCID,Vehicle,#19,40,153.0
HGF-SCID,Vehicle,#19,43,175.5
HGF-SCID,XL184+Actemra,#18,-27,0.0
HGF-SCID,XL184+Actemra,#18,-25,0.0
HGF-SCID,XL184+Actemra,#18,-23,0.0
HGF-SCID,XL184+Actemra,#18,-20,0.0
HGF-SCID,XL184+Actemra,#18,-18,12.25
HGF-SCID,XL184+Actemra,#18,-16,12.25
HGF-SCID,XL184+Actemra,#18,-13,27.0
HGF-SCID,XL184+Actemra,#18,-6,40.5
HGF-SCID,XL184+Actemra,#18,-4,62.5
HGF-SCID,XL184+Actemra,#18,-2,62.5
HGF-SCID,XL184+Actemra,#18,1,6.875
HGF-SCID,XL184+Actemra,#18,3,75.625
HGF-SCID,XL184+Actemra,#18,5,108.0
HGF-SCID,XL184+Actemra,#18,8,108.0
HGF-SCID,XL184+Actemra,#18,10,108.0
HGF-SCID,XL184+Actemra,#18,12,136.5
HGF-SCID,XL184+Actemra,#18,15,147.875
HGF-SCID,XL184+Actemra,#18,17,147.875
HGF-SCID,XL184+Actemra,#18,19,107.25
HGF-SCID,XL184+Actemra,#18,22,115.5
HGF-SCID,XL184+Actemra,#18,24,75.625
HGF-SCID,XL184+Actemra,#18,26,75.625
HGF-SCID,XL184+Actemra,#18,29,135.0
HGF-SCID,XL184+Actemra,#18,31,97.5
HGF-SCID,XL184+Actemra,#18,33,67.5
HGF-SCID,XL184+Actemra,#18,36,81.25
HGF-SCID,XL184+Actemra,#18,38,82.5
HGF-SCID,XL184+Actemra,#18,40,49.5
HGF-SCID,XL184+Actemra,#18,43,55.0
HGF-SCID,Actemra,#39,-27,0.0
HGF-SCID,Actemra,#39,-25,0.0
HGF-SCID,Actemra,#39,-23,0.0
HGF-SCID,Actemra,#39,-20,0.0
HGF-SCID,Actemra,#39,-18,0.0
HGF-SCID,Actemra,#39,-16,9.0
HGF-SCID,Actemra,#39,-13,9.0
HGF-SCID,Actemra,#39,-6,21.0
HGF-SCID,Actemra,#39,-4,21.0
HGF-SCID,Actemra,#39,-2,21.0
HGF-SCID,Actemra,#39,1,68.75
HGF-SCID,Actemra,#39,3,68.75
HGF-SCID,Actemra,#39,5,75.0
HGF-SCID,Actemra,#39,8,75.0
HGF-SCID,Actemra,#39,10,81.25
HGF-SCID,Actemra,#39,12,107.25
HGF-SCID,Actemra,#39,15,144.0
HGF-SCID,Actemra,#39,17,144.0
HGF-SCID,Actemra,#39,19,168.0
HGF-SCID,Actemra,#39,22,168.0
HGF-SCID,Actemra,#39,24,208.0
HGF-SCID,Actemra,#39,26,208.0
HGF-SCID,Actemra,#39,29,253.125
HGF-SCID,Actemra,#39,31,286.875
HGF-SCID,Actemra,#39,33,NA
HGF-SCID,Actemra,#39,36,NA
HGF-SCID,Actemra,#39,38,NA
HGF-SCID,Actemra,#39,40,NA
HGF-SCID,Actemra,#39,43,NA
HGF-SCID,XL184,#38,-27,0.0
HGF-SCID,XL184,#38,-25,0.0
HGF-SCID,XL184,#38,-23,0.0
HGF-SCID,XL184,#38,-20,0.0
HGF-SCID,XL184,#38,-18,0.0
HGF-SCID,XL184,#38,-16,0.0
HGF-SCID,XL184,#38,-13,10.5
HGF-SCID,XL184,#38,-6,21.0
HGF-SCID,XL184,#38,-4,40.0
HGF-SCID,XL184,#38,-2,45.0
HGF-SCID,XL184,#38,1,75.625
HGF-SCID,XL184,#38,3,75.625
HGF-SCID,XL184,#38,5,82.5
HGF-SCID,XL184,#38,8,135.0
HGF-SCID,XL184,#38,10,146.25
HGF-SCID,XL184,#38,12,156.0
HGF-SCID,XL184,#38,15,185.25
HGF-SCID,XL184,#38,17,185.25
HGF-SCID,XL184,#38,19,187.2
HGF-SCID,XL184,#38,22,245.0
HGF-SCID,XL184,#38,24,162.0
HGF-SCID,XL184,#38,26,127.5
HGF-SCID,XL184,#38,29,148.75
HGF-SCID,XL184,#38,31,120.0
HGF-SCID,XL184,#38,33,112.5
HGF-SCID,XL184,#38,36,138.125
HGF-SCID,XL184,#38,38,127.5
HGF-SCID,XL184,#38,40,112.5
HGF-SCID,XL184,#38,43,135.0
C3H-SCID,XL184,#1424428242,-29,0.0
C3H-SCID,XL184,#1424428242,-27,0.0
C3H-SCID,XL184,#1424428242,-25,0.0
C3H-SCID,XL184,#1424428242,-22,0.0
C3H-SCID,XL184,#1424428242,-20,0.0
C3H-SCID,XL184,#1424428242,-18,10.5
C3H-SCID,XL184,#1424428242,-15,24.0
C3H-SCID,XL184,#1424428242,-8,36.0
C3H-SCID,XL184,#1424428242,-6,40.5
C3H-SCID,XL184,#1424428242,-4,45.0
C3H-SCID,XL184,#1424428242,-1,68.75
C3H-SCID,XL184,#1424428242,1,99.0
C3H-SCID,XL184,#1424428242,3,107.25
C3H-SCID,XL184,#1424428242,6,107.25
C3H-SCID,XL184,#1424428242,8,117.0
C3H-SCID,XL184,#1424428242,10,117.0
C3H-SCID,XL184,#1424428242,13,172.9
C3H-SCID,XL184,#1424428242,15,195.0
C3H-SCID,XL184,#1424428242,17,210.0
C3H-SCID,XL184,#1424428242,20,238.0
C3H-SCID,XL184,#1424428242,22,272.0
C3H-SCID,XL184,#1424428242,24,288.0
C3H-SCID,XL184,#1424428242,27,320.0
C3H-SCID,XL184,#1424428242,29,285.0
C3H-SCID,XL184,#1424428242,31,285.0
C3H-SCID,XL184,#1424428242,34,354.375
C3H-SCID,XL184,#1424428242,36,266.0
C3H-SCID,XL184,#1424428242,38,208.25
C3H-SCID,XL184,#1424428242,41,266.0
HGF-SCID,XL184,#13,-27,0.0
HGF-SCID,XL184,#13,-25,0.0
HGF-SCID,XL184,#13,-23,0.0
HGF-SCID,XL184,#13,-20,9.0
HGF-SCID,XL184,#13,-18,12.25
HGF-SCID,XL184,#13,-16,18.375
HGF-SCID,XL184,#13,-13,24.0
HGF-SCID,XL184,#13,-6,27.2
HGF-SCID,XL184,#13,-4,45.0
HGF-SCID,XL184,#13,-2,50.0
HGF-SCID,XL184,#13,1,68.75
HGF-SCID,XL184,#13,3,75.0
HGF-SCID,XL184,#13,5,107.25
HGF-SCID,XL184,#13,8,126.0
HGF-SCID,XL184,#13,10,126.0
HGF-SCID,XL184,#13,12,135.0
HGF-SCID,XL184,#13,15,146.25
HGF-SCID,XL184,#13,17,135.0
HGF-SCID,XL184,#13,19,117.0
HGF-SCID,XL184,#13,22,159.25
HGF-SCID,XL184,#13,24,136.5
HGF-SCID,XL184,#13,26,136.5
HGF-SCID,XL184,#13,29,182.4
HGF-SCID,XL184,#13,31,180.0
HGF-SCID,XL184,#13,33,125.125
HGF-SCID,XL184,#13,36,170.625
HGF-SCID,XL184,#13,38,136.5
HGF-SCID,XL184,#13,40,82.5
HGF-SCID,XL184,#13,43,115.5
HGF-SCID,Vehicle,#34,-27,0.0
HGF-SCID,Vehicle,#34,-25,0.0
HGF-SCID,Vehicle,#34,-23,0.0
HGF-SCID,Vehicle,#34,-20,0.0
HGF-SCID,Vehicle,#34,-18,9.0
HGF-SCID,Vehicle,#34,-16,12.25
HGF-SCID,Vehicle,#34,-13,18.375
HGF-SCID,Vehicle,#34,-6,18.375
HGF-SCID,Vehicle,#34,-4,18.375
HGF-SCID,Vehicle,#34,-2,18.375
HGF-SCID,Vehicle,#34,1,32.0
HGF-SCID,Vehicle,#34,3,62.5
HGF-SCID,Vehicle,#34,5,68.75
HGF-SCID,Vehicle,#34,8,99.0
HGF-SCID,Vehicle,#34,10,117.0
HGF-SCID,Vehicle,#34,12,117.0
HGF-SCID,Vehicle,#34,15,126.75
HGF-SCID,Vehicle,#34,17,171.5
HGF-SCID,Vehicle,#34,19,196.0
HGF-SCID,Vehicle,#34,22,236.25
HGF-SCID,Vehicle,#34,24,236.25
HGF-SCID,Vehicle,#34,26,252.0
HGF-SCID,Vehicle,#34,29,303.75
HGF-SCID,Vehicle,#34,31,380.0
HGF-SCID,Vehicle,#34,33,380.0
HGF-SCID,Vehicle,#34,36,403.75
HGF-SCID,Vehicle,#34,38,627.0
HGF-SCID,Vehicle,#34,40,731.5
HGF-SCID,Vehicle,#34,43,731.5
HGF-SCID,XL184+Actemra,#11,-27,0.0
HGF-SCID,XL184+Actemra,#11,-25,0.0
HGF-SCID,XL184+Actemra,#11,-23,0.0
HGF-SCID,XL184+Actemra,#11,-20,0.0
HGF-SCID,XL184+Actemra,#11,-18,9.0
HGF-SCID,XL184+Actemra,#11,-16,9.0
HGF-SCID,XL184+Actemra,#11,-13,15.75
HGF-SCID,XL184+Actemra,#11,-6,31.5
HGF-SCID,XL184+Actemra,#11,-4,58.5
HGF-SCID,XL184+Actemra,#11,-2,75.0
HGF-SCID,XL184+Actemra,#11,1,100.0
HGF-SCID,XL184+Actemra,#11,3,100.0
HGF-SCID,XL184+Actemra,#11,5,120.0
HGF-SCID,XL184+Actemra,#11,8,173.25
HGF-SCID,XL184+Actemra,#11,10,148.5
HGF-SCID,XL184+Actemra,#11,12,199.5
HGF-SCID,XL184+Actemra,#11,15,240.0
HGF-SCID,XL184+Actemra,#11,17,240.0
HGF-SCID,XL184+Actemra,#11,19,228.0
HGF-SCID,XL184+Actemra,#11,22,247.0
HGF-SCID,XL184+Actemra,#11,24,165.75
HGF-SCID,XL184+Actemra,#11,26,144.0
HGF-SCID,XL184+Actemra,#11,29,165.75
HGF-SCID,XL184+Actemra,#11,31,135.0
HGF-SCID,XL184+Actemra,#11,33,123.75
HGF-SCID,XL184+Actemra,#11,36,132.0
HGF-SCID,XL184+Actemra,#11,38,132.0
HGF-SCID,XL184+Actemra,#11,40,100.0
HGF-SCID,XL184+Actemra,#11,43,106.25
HGF-SCID,XL184,#10,-27,0.0
HGF-SCID,XL184,#10,-25,0.0
HGF-SCID,XL184,#10,-23,0.0
HGF-SCID,XL184,#10,-20,9.0
HGF-SCID,XL184,#10,-18,10.5
HGF-SCID,XL184,#10,-16,10.5
HGF-SCID,XL184,#10,-13,24.0
HGF-SCID,XL184,#10,-6,40.5
HGF-SCID,XL184,#10,-4,50.0
HGF-SCID,XL184,#10,-2,66.0
HGF-SCID,XL184,#10,1,71.5
HGF-SCID,XL184,#10,3,97.5
HGF-SCID,XL184,#10,5,126.75
HGF-SCID,XL184,#10,8,146.25
HGF-SCID,XL184,#10,10,157.5
HGF-SCID,XL184,#10,12,157.5
HGF-SCID,XL184,#10,15,196.0
HGF-SCID,XL184,#10,17,170.625
HGF-SCID,XL184,#10,19,136.5
HGF-SCID,XL184,#10,22,136.5
HGF-SCID,XL184,#10,24,108.0
HGF-SCID,XL184,#10,26,90.0
HGF-SCID,XL184,#10,29,126.75
HGF-SCID,XL184,#10,31,117.0
HGF-SCID,XL184,#10,33,90.75
HGF-SCID,XL184,#10,36,117.0
HGF-SCID,XL184,#10,38,108.0
HGF-SCID,XL184,#10,40,108.0
HGF-SCID,XL184,#10,43,136.5
HGF-SCID,Vehicle,#17,-27,0.0
HGF-SCID,Vehicle,#17,-25,0.0
HGF-SCID,Vehicle,#17,-23,0.0
HGF-SCID,Vehicle,#17,-20,9.0
HGF-SCID,Vehicle,#17,-18,9.0
HGF-SCID,Vehicle,#17,-16,10.5
HGF-SCID,Vehicle,#17,-13,10.5
HGF-SCID,Vehicle,#17,-6,40.5
HGF-SCID,Vehicle,#17,-4,40.5
HGF-SCID,Vehicle,#17,-2,40.5
HGF-SCID,Vehicle,#17,1,56.25
HGF-SCID,Vehicle,#17,3,62.5
HGF-SCID,Vehicle,#17,5,75.625
HGF-SCID,Vehicle,#17,8,82.5
HGF-SCID,Vehicle,#17,10,75.0
HGF-SCID,Vehicle,#17,12,117.0
HGF-SCID,Vehicle,#17,15,136.5
HGF-SCID,Vehicle,#17,17,159.25
HGF-SCID,Vehicle,#17,19,182.0
HGF-SCID,Vehicle,#17,22,224.0
HGF-SCID,Vehicle,#17,24,252.0
HGF-SCID,Vehicle,#17,26,270.0
HGF-SCID,Vehicle,#17,29,330.0
HGF-SCID,Vehicle,#17,31,388.125
HGF-SCID,Vehicle,#17,33,450.0
HGF-SCID,Vehicle,#17,36,520.0
HGF-SCID,Vehicle,#17,38,756.0
HGF-SCID,Vehicle,#17,40,882.0
HGF-SCID,Vehicle,#17,43,1102.5
C3H-SCID,Vehicle,#1151398925,-29,0.0
C3H-SCID,Vehicle,#1151398925,-27,0.0
C3H-SCID,Vehicle,#1151398925,-25,0.0
C3H-SCID,Vehicle,#1151398925,-22,0.0
C3H-SCID,Vehicle,#1151398925,-20,0.0
C3H-SCID,Vehicle,#1151398925,-18,9.0
C3H-SCID,Vehicle,#1151398925,-15,18.375
C3H-SCID,Vehicle,#1151398925,-8,36.0
C3H-SCID,Vehicle,#1151398925,-6,45.0
C3H-SCID,Vehicle,#1151398925,-4,45.0
C3H-SCID,Vehicle,#1151398925,-1,56.25
C3H-SCID,Vehicle,#1151398925,1,61.875
C3H-SCID,Vehicle,#1151398925,3,74.25
C3H-SCID,Vehicle,#1151398925,6,90.0
C3H-SCID,Vehicle,#1151398925,8,97.5
C3H-SCID,Vehicle,#1151398925,10,115.5
C3H-SCID,Vehicle,#1151398925,13,134.75
C3H-SCID,Vehicle,#1151398925,15,144.375
C3H-SCID,Vehicle,#1151398925,17,144.375
C3H-SCID,Vehicle,#1151398925,20,182.0
C3H-SCID,Vehicle,#1151398925,22,193.375
C3H-SCID,Vehicle,#1151398925,24,221.0
C3H-SCID,Vehicle,#1151398925,27,248.625
C3H-SCID,Vehicle,#1151398925,29,315.0
C3H-SCID,Vehicle,#1151398925,31,375.0
C3H-SCID,Vehicle,#1151398925,34,462.0
C3H-SCID,Vehicle,#1151398925,36,504.0
C3H-SCID,Vehicle,#1151398925,38,528.0
C3H-SCID,Vehicle,#1151398925,41,714.0
HGF-SCID,Vehicle,#15,-27,0.0
HGF-SCID,Vehicle,#15,-25,0.0
HGF-SCID,Vehicle,#15,-23,0.0
HGF-SCID,Vehicle,#15,-20,9.0
HGF-SCID,Vehicle,#15,-18,9.0
HGF-SCID,Vehicle,#15,-16,9.0
HGF-SCID,Vehicle,#15,-13,9.0
HGF-SCID,Vehicle,#15,-6,18.0
HGF-SCID,Vehicle,#15,-4,40.5
HGF-SCID,Vehicle,#15,-2,40.5
HGF-SCID,Vehicle,#15,1,49.5
HGF-SCID,Vehicle,#15,3,55.0
HGF-SCID,Vehicle,#15,5,55.0
HGF-SCID,Vehicle,#15,8,75.0
HGF-SCID,Vehicle,#15,10,99.0
HGF-SCID,Vehicle,#15,12,99.0
HGF-SCID,Vehicle,#15,15,115.5
HGF-SCID,Vehicle,#15,17,126.0
HGF-SCID,Vehicle,#15,19,168.0
HGF-SCID,Vehicle,#15,22,245.0
HGF-SCID,Vehicle,#15,24,262.5
HGF-SCID,Vehicle,#15,26,288.75
HGF-SCID,Vehicle,#15,29,365.75
HGF-SCID,Vehicle,#15,31,440.0
HGF-SCID,Vehicle,#15,33,648.0
HGF-SCID,Vehicle,#15,36,675.0
HGF-SCID,Vehicle,#15,38,1102.5
HGF-SCID,Vehicle,#15,40,1249.5
HGF-SCID,Vehicle,#15,43,1386.0
HGF-SCID,XL184+Actemra,#14,-27,0.0
HGF-SCID,XL184+Actemra,#14,-25,0.0
HGF-SCID,XL184+Actemra,#14,-23,0.0
HGF-SCID,XL184+Actemra,#14,-20,9.0
HGF-SCID,XL184+Actemra,#14,-18,12.25
HGF-SCID,XL184+Actemra,#14,-16,18.375
HGF-SCID,XL184+Actemra,#14,-13,24.0
HGF-SCID,XL184+Actemra,#14,-6,36.0
HGF-SCID,XL184+Actemra,#14,-4,56.25
HGF-SCID,XL184+Actemra,#14,-2,56.25
HGF-SCID,XL184+Actemra,#14,1,56.25
HGF-SCID,XL184+Actemra,#14,3,56.25
HGF-SCID,XL184+Actemra,#14,5,68.75
HGF-SCID,XL184+Actemra,#14,8,90.0
HGF-SCID,XL184+Actemra,#14,10,107.25
HGF-SCID,XL184+Actemra,#14,12,107.25
HGF-SCID,XL184+Actemra,#14,15,115.5
HGF-SCID,XL184+Actemra,#14,17,97.5
HGF-SCID,XL184+Actemra,#14,19,97.5
HGF-SCID,XL184+Actemra,#14,22,107.25
HGF-SCID,XL184+Actemra,#14,24,81.25
HGF-SCID,XL184+Actemra,#14,26,73.125
HGF-SCID,XL184+Actemra,#14,29,87.75
HGF-SCID,XL184+Actemra,#14,31,61.875
HGF-SCID,XL184+Actemra,#14,33,61.875
HGF-SCID,XL184+Actemra,#14,36,68.75
HGF-SCID,XL184+Actemra,#14,38,56.25
HGF-SCID,XL184+Actemra,#14,40,45.0
HGF-SCID,XL184+Actemra,#14,43,45.0
